// Generated by scripts/gen/gen_borduhr.py - do not edit by hand.
//
// The watch's own hands, photographed, cut off their transparency and
// baked at twice panel resolution. Colour is stored premultiplied by the
// alpha, so the bilinear sampling at draw time can average four texels
// without transparent ones bleeding whatever colour they happen to hold.
// That pairing - supersample, premultiply, bilinear - is what keeps an
// eleven-pixel hand from turning into a saw blade as it goes round.
//
// Each hand turns on its own hole, carried in sixteenths of a sprite
// pixel: half a pixel of error at the hub is a visible wobble at the tip.
#pragma once

#include <Arduino.h>

namespace BorduhrHands {

// Sprite pixels per panel pixel.
constexpr uint8_t SPRITE_SCALE = 2;

struct Sprite {
    uint16_t w, h;
    int16_t pivotX16, pivotY16;   // sixteenths of a sprite pixel
    const uint16_t* rgb;          // RGB565, premultiplied by alpha
    const uint8_t* alpha;         // 0 transparent, 255 solid
};

const uint16_t HOUR_RGB[] PROGMEM = {
    0x0000, 0x0000, 0x0000, 0x0000, 0x0000, 0x0000, 0x0000, 0x0000, 0x0000, 0x0000, 0x0000, 0x0000,
    0x0020, 0x18C2, 0x2944, 0x18C3, 0x0841, 0x0000, 0x0000, 0x0000, 0x0000, 0x0000, 0x0000, 0x0000,
    0x0000, 0x0000, 0x0000, 0x0000, 0x0000, 0x0000, 0x0000, 0x0000, 0x0000, 0x0000, 0x0000, 0x0000,
    0x0000, 0x0000, 0x0000, 0x0000, 0x0000, 0x2124, 0x5269, 0x9491, 0x4A48, 0x20E3, 0x0840, 0x0000,
    0x0000, 0x0000, 0x0000, 0x0000, 0x0000, 0x0000, 0x0000, 0x0000, 0x0000, 0x0000, 0x0000, 0x0000,
    0x0000, 0x0000, 0x0000, 0x0000, 0x0000, 0x0000, 0x0000, 0x0000, 0x0000, 0x0861, 0x18C3, 0x3985,
    0x734C, 0x41C6, 0x1881, 0x0840, 0x0000, 0x0000, 0x0000, 0x0000, 0x0000, 0x0000, 0x0000, 0x0000,
    0x0000, 0x0000, 0x0000, 0x0000, 0x0000, 0x0000, 0x0000, 0x0000, 0x0000, 0x0000, 0x0000, 0x0000,
    0x0000, 0x0000, 0x0861, 0x20E3, 0x41E7, 0x9C50, 0x41C6, 0x18A2, 0x1081, 0x0000, 0x0000, 0x0000,
    0x0000, 0x0000, 0x0000, 0x0000, 0x0000, 0x0000, 0x0000, 0x0000, 0x0000, 0x0000, 0x0000, 0x0000,
    0x0000, 0x0000, 0x0000, 0x0000, 0x0000, 0x0000, 0x0000, 0x0861, 0x18C3, 0x39A6, 0x8C0F, 0x41E7,
    0x18A2, 0x1081, 0x0000, 0x0000, 0x0000, 0x0000, 0x0000, 0x0000, 0x0000, 0x0000, 0x0000, 0x0000,
    0x0000, 0x0000, 0x0000, 0x0000, 0x0000, 0x0000, 0x0000, 0x0000, 0x0000, 0x0000, 0x0000, 0x0000,
    0x1081, 0x18C3, 0x39C6, 0x8C0F, 0x4207, 0x18A1, 0x1081, 0x0000, 0x0000, 0x0000, 0x0000, 0x0000,
    0x0000, 0x0000, 0x0000, 0x0000, 0x0000, 0x0000, 0x0000, 0x0000, 0x0000, 0x0000, 0x0000, 0x0000,
    0x0000, 0x0000, 0x0000, 0x0000, 0x0000, 0x18C2, 0x2103, 0x4207, 0x840F, 0x4A48, 0x1081, 0x1081,
    0x0000, 0x0000, 0x0000, 0x0000, 0x0000, 0x0000, 0x0000, 0x0000, 0x0000, 0x0000, 0x0000, 0x0000,
    0x0000, 0x0000, 0x0000, 0x0000, 0x0000, 0x0000, 0x0000, 0x0000, 0x0000, 0x0000, 0x1082, 0x20E3,
    0x39C6, 0x7BCE, 0x4A28, 0x18A2, 0x18C2, 0x0000, 0x0000, 0x0000, 0x0000, 0x0000, 0x0000, 0x0000,
    0x0000, 0x0000, 0x0000, 0x0000, 0x0000, 0x0000, 0x0000, 0x0000, 0x0000, 0x0000, 0x0000, 0x0000,
    0x0000, 0x0000, 0x0000, 0x1081, 0x18E3, 0x41E7, 0x8C2F, 0x4A27, 0x18A2, 0x18A2, 0x0000, 0x0000,
    0x0000, 0x0000, 0x0000, 0x0000, 0x0000, 0x0000, 0x0000, 0x0000, 0x0000, 0x0000, 0x0000, 0x0000,
    0x0000, 0x0000, 0x0000, 0x0000, 0x0000, 0x0000, 0x0000, 0x0000, 0x1082, 0x20E3, 0x41E7, 0x8C2F,
    0x4A28, 0x20A2, 0x18A2, 0x0000, 0x0000, 0x0000, 0x0000, 0x0000, 0x0000, 0x0000, 0x0000, 0x0000,
    0x0000, 0x0000, 0x0000, 0x0000, 0x0000, 0x0000, 0x0000, 0x0000, 0x0000, 0x0000, 0x0000, 0x0000,
    0x0000, 0x18C2, 0x2103, 0x4207, 0x8C30, 0x4A07, 0x20C2, 0x18A2, 0x0000, 0x0000, 0x0000, 0x0000,
    0x0000, 0x0000, 0x0000, 0x0000, 0x0000, 0x0000, 0x0000, 0x0000, 0x0000, 0x0000, 0x0000, 0x0000,
    0x0000, 0x0000, 0x0000, 0x0000, 0x0000, 0x0000, 0x18C2, 0x18E3, 0x41C7, 0x83CE, 0x4A28, 0x20C2,
    0x18C2, 0x0020, 0x0000, 0x0000, 0x0000, 0x0000, 0x0000, 0x0000, 0x0000, 0x0000, 0x0000, 0x0000,
    0x0000, 0x0000, 0x0000, 0x0000, 0x0000, 0x0000, 0x0000, 0x0000, 0x0000, 0x0000, 0x0000, 0x18C2,
    0x20E3, 0x4A07, 0x8C2F, 0x5A89, 0x18C2, 0x18A2, 0x0000, 0x0000, 0x0000, 0x0000, 0x0000, 0x0000,
    0x0000, 0x0000, 0x0000, 0x0000, 0x0000, 0x0000, 0x0000, 0x0000, 0x0000, 0x0000, 0x0000, 0x0000,
    0x0000, 0x0000, 0x0000, 0x0000, 0x18C2, 0x2103, 0x41E7, 0x7B8D, 0x4A07, 0x18A1, 0x18A2, 0x0000,
    0x0000, 0x0000, 0x0000, 0x0000, 0x0000, 0x0000, 0x0000, 0x0000, 0x0000, 0x0000, 0x0000, 0x0000,
    0x0000, 0x0000, 0x0000, 0x0000, 0x0000, 0x0000, 0x0000, 0x0000, 0x0000, 0x20E3, 0x2103, 0x39A6,
    0x734C, 0x4A28, 0x18C2, 0x18A2, 0x0020, 0x0000, 0x0000, 0x0000, 0x0000, 0x0000, 0x0000, 0x0000,
    0x0000, 0x0000, 0x0000, 0x0000, 0x0000, 0x0000, 0x0000, 0x0000, 0x0000, 0x0000, 0x0000, 0x0000,
    0x0000, 0x0020, 0x20E3, 0x20E2, 0x39A6, 0x8C0F, 0x4A28, 0x18C2, 0x18A2, 0x0861, 0x0000, 0x0000,
    0x0000, 0x0000, 0x0000, 0x0000, 0x0000, 0x0000, 0x0000, 0x0000, 0x0000, 0x0000, 0x0000, 0x0000,
    0x0000, 0x0000, 0x0000, 0x0000, 0x0000, 0x0000, 0x0020, 0x20E3, 0x20E3, 0x3165, 0x7BCE, 0x62CA,
    0x18C2, 0x18A2, 0x0861, 0x0000, 0x0000, 0x0000, 0x0000, 0x0000, 0x0000, 0x0000, 0x0000, 0x0000,
    0x0000, 0x0000, 0x0000, 0x0000, 0x0000, 0x0000, 0x0000, 0x0000, 0x0000, 0x0000, 0x0000, 0x0841,
    0x2103, 0x2944, 0x39C6, 0x62EB, 0x39C6, 0x2103, 0x1081, 0x0841, 0x0000, 0x0000, 0x0000, 0x0000,
    0x0000, 0x0000, 0x0000, 0x0000, 0x0000, 0x0000, 0x0000, 0x0000, 0x0000, 0x0000, 0x0000, 0x0000,
    0x0000, 0x0000, 0x0000, 0x0000, 0x10A2, 0x2103, 0x2923, 0x5289, 0x6B4C, 0x3185, 0x18C2, 0x1081,
    0x10A2, 0x0000, 0x0000, 0x0000, 0x0000, 0x0000, 0x0000, 0x0000, 0x0000, 0x0000, 0x0000, 0x0000,
    0x0000, 0x0000, 0x0000, 0x0000, 0x0000, 0x0000, 0x0000, 0x0000, 0x1082, 0x39C6, 0x2944, 0x18C2,
    0x3164, 0x4207, 0x39C6, 0x18C2, 0x20E3, 0x3164, 0x1082, 0x0000, 0x0000, 0x0000, 0x0000, 0x0000,
    0x0000, 0x0000, 0x0000, 0x0000, 0x0000, 0x0000, 0x0000, 0x0000, 0x0000, 0x0000, 0x0000, 0x0861,
    0x2923, 0x41A5, 0x39C5, 0x39A5, 0x4A07, 0x734C, 0x4A68, 0x5ACA, 0x39C6, 0x2944, 0x2924, 0x2944,
    0x2103, 0x1081, 0x0000, 0x0000, 0x0000, 0x0000, 0x0000, 0x0000, 0x0000, 0x0000, 0x0000, 0x0000,
    0x0000, 0x0000, 0x0000, 0x18C2, 0x3144, 0x41C5, 0x4A06, 0x41E6, 0x3165, 0x5268, 0x738D, 0x41E6,
    0x5269, 0x5ACA, 0x2924, 0x2944, 0x39A5, 0x3144, 0x20C2, 0x20C2, 0x0020, 0x0000, 0x0000, 0x0000,
    0x0000, 0x0000, 0x0000, 0x0000, 0x0000, 0x0000, 0x0020, 0x2944, 0x4A07, 0x41A5, 0x39A5, 0x49E6,
    0x4A27, 0x83CE, 0x734C, 0x4A27, 0x5289, 0x5ACA, 0x6B4C, 0x62EB, 0x5228, 0x4A07, 0x41C5, 0x3123,
    0x3143, 0x3984, 0x0840, 0x0000, 0x0000, 0x0000, 0x0000, 0x0000, 0x0000, 0x0000, 0x0000, 0x3164,
    0x41C5, 0x4A27, 0x3985, 0x3164, 0x5AA9, 0x9430, 0x49C7, 0x4A07, 0x41C6, 0x39E6, 0x2102, 0x18C1,
    0x41A5, 0xACD2, 0x5A68, 0x41A5, 0x3144, 0x3144, 0x41C5, 0x20E2, 0x0000, 0x0000, 0x0000, 0x0000,
    0x0000, 0x0000, 0x0000, 0x0820, 0x20C1, 0x2902, 0x5268, 0x83EE, 0x944F, 0x734B, 0x838C, 0x4164,
    0x2923, 0x2923, 0x39A5, 0x2102, 0x20E2, 0x41C4, 0x62C8, 0x5226, 0x5A67, 0x62A9, 0x3985, 0x1881,
    0x1860, 0x1061, 0x0000, 0x0000, 0x0000, 0x0000, 0x0000, 0x0000, 0x0840, 0x2902, 0x20A0, 0x1880,
    0x732B, 0x5247, 0x5226, 0x6AE8, 0x49E4, 0x41C4, 0x41C4, 0x4A05, 0x41A4, 0x41E4, 0x41E4, 0x41A3,
    0x41C4, 0x3143, 0x5227, 0x1880, 0x1880, 0x20C1, 0x1061, 0x0000, 0x0000, 0x0000, 0x0000, 0x0000,
    0x0000, 0x1060, 0x5A26, 0x2080, 0x20A1, 0x20E2, 0x3984, 0x3102, 0x4982, 0x6224, 0x93A7, 0xAC49,
    0xAC69, 0x8305, 0x93A6, 0x6A63, 0x30C1, 0x49C4, 0x4184, 0x20C1, 0x20A1, 0x20C1, 0x20A1, 0x1061,
    0x0000, 0x0000, 0x0000, 0x0000, 0x0000, 0x0000, 0x1060, 0x5A66, 0x28C1, 0x30E1, 0x28C1, 0x49C5,
    0x51C3, 0xA3C7, 0xEE0E, 0xEE6F, 0xF68F, 0xEE4E, 0xE60D, 0xEE2D, 0xD56A, 0x9BA7, 0x4162, 0x3922,
    0x28A1, 0x28C1, 0x28C1, 0x20A0, 0x1060, 0x0000, 0x0000, 0x0000, 0x0000, 0x0000, 0x0000, 0x1040,
    0x3942, 0x28C0, 0x3901, 0x4122, 0x3922, 0x72A4, 0xDD4B, 0xF6D0, 0xFF52, 0xF710, 0xEE6E, 0xF68F,
    0xF6AF, 0xFE8E, 0xDD4B, 0x5A03, 0x51C4, 0x3942, 0x28C1, 0x28E1, 0x28C1, 0x1060, 0x0000, 0x0000,
    0x0000, 0x0000, 0x0000, 0x0000, 0x1060, 0x28E1, 0x28C0, 0x30E0, 0x3901, 0x4962, 0x61C2, 0xCCC9,
    0xF64D, 0xF6AF, 0xF6AF, 0xF68F, 0xFEAF, 0xF6AF, 0xF64D, 0xC467, 0x6A02, 0x4963, 0x3101, 0x20A0,
    0x3101, 0x28C0, 0x1060, 0x0000, 0x0000, 0x0000, 0x0000, 0x0000, 0x0000, 0x0820, 0x28C1, 0x28A0,
    0x28C0, 0x30E0, 0x5182, 0x8B05, 0xE5CD, 0xEE4E, 0xFEF1, 0xF6D1, 0xFED0, 0xFEF1, 0xF6D0, 0xF68E,
    0xDD4A, 0x6202, 0x4162, 0x3101, 0x28C0, 0x3101, 0x28C0, 0x1040, 0x0000, 0x0000, 0x0000, 0x0000,
    0x0000, 0x0000, 0x0820, 0x3101, 0x28C0, 0x28C0, 0x3101, 0x4140, 0x6A02, 0xE58C, 0xEE8F, 0xF6F1,
    0xEEB0, 0xEE8F, 0xF6D0, 0xF6D0, 0xF66E, 0xCCE9, 0x6203, 0x30E0, 0x28C1, 0x28C0, 0x28C0, 0x30E1,
    0x1040, 0x0000, 0x0000, 0x0000, 0x0000, 0x0000, 0x0000, 0x0800, 0x28E1, 0x28C0, 0x28C0, 0x4961,
    0x7242, 0x8283, 0xDD6C, 0xEE4F, 0xEE6F, 0xEE6E, 0xEE8E, 0xEE8E, 0xF66F, 0xE5EC, 0xC4A8, 0x59C2,
    0x3922, 0x3102, 0x3101, 0x30E0, 0x30E1, 0x1060, 0x0000, 0x0000, 0x0000, 0x0000, 0x0000, 0x0000,
    0x1040, 0x28E1, 0x28A0, 0x20A0, 0x4941, 0x61A0, 0x7A62, 0xD52B, 0xF6B0, 0xF6B0, 0xEE8F, 0xF6B0,
    0xF6D0, 0xFEF0, 0xF62E, 0xE5CD, 0x6A44, 0x30E1, 0x2080, 0x3942, 0x30E0, 0x30E0, 0x1881, 0x0000,
    0x0000, 0x0000, 0x0000, 0x0000, 0x0000, 0x1881, 0x28E1, 0x28C0, 0x20A0, 0x51A1, 0x69C1, 0x82A2,
    0xE5AC, 0xEE4F, 0xEE4F, 0xF68F, 0xFED1, 0xF6AF, 0xF6AF, 0xE5EC, 0xD54B, 0x6A03, 0x28A0, 0x4163,
    0x30E0, 0x30E0, 0x30C0, 0x1040, 0x0000, 0x0000, 0x0000, 0x0000, 0x0000, 0x0000, 0x1061, 0x3101,
    0x28C0, 0x20A0, 0x51A1, 0x69C1, 0x8AC3, 0xDD6C, 0xEE6F, 0xFEB0, 0xF66F, 0xF68F, 0xEE6E, 0xF68F,
    0xE5CC, 0xB426, 0x6A23, 0x4963, 0x3942, 0x3100, 0x3101, 0x30C0, 0x1040, 0x0000, 0x0000, 0x0000,
    0x0000, 0x0000, 0x0000, 0x1020, 0x30E1, 0x28C0, 0x28C0, 0x51A1, 0x7A43, 0x82A3, 0xDD8C, 0xEE6F,
    0xFEF1, 0xF6B0, 0xF690, 0xF6D0, 0xF6AF, 0xE5ED, 0xD54A, 0x8304, 0x59E4, 0x3921, 0x3101, 0x28C0,
    0x30C0, 0x1040, 0x0000, 0x0000, 0x0000, 0x0000, 0x0000, 0x0000, 0x0820, 0x28E1, 0x28E0, 0x28C0,
    0x4960, 0x7222, 0x7A82, 0xE5AD, 0xF6B0, 0xF690, 0xF6B1, 0xF690, 0xFED0, 0xFEB0, 0xF64E, 0xE5CD,
    0x9345, 0x4941, 0x3941, 0x3921, 0x30C0, 0x30C0, 0x1040, 0x0000, 0x0000, 0x0000, 0x0000, 0x0000,
    0x0000, 0x1040, 0x30E1, 0x30E0, 0x30C0, 0x5161, 0x7222, 0x7A62, 0xDD6C, 0xF690, 0xF690, 0xF690,
    0xEE2E, 0xF6D0, 0xEE6E, 0xEE0D, 0xD54B, 0x7AA3, 0x3920, 0x3941, 0x3921, 0x30E0, 0x30E0, 0x1060,
    0x0000, 0x0000, 0x0000, 0x0000, 0x0000, 0x0000, 0x1061, 0x30E0, 0x30E0, 0x30E1, 0x5161, 0x61C0,
    0x8B04, 0xEDEE, 0xF690, 0xF6D0, 0xEE6F, 0xF66F, 0xF6D1, 0xF6B0, 0xF64D, 0xC4C9, 0x7262, 0x51C2,
    0x4982, 0x3921, 0x30C0, 0x30E0, 0x1040, 0x0000, 0x0000, 0x0000, 0x0000, 0x0000, 0x0000, 0x0840,
    0x30E0, 0x28E0, 0x30E0, 0x5181, 0x61E2, 0x9304, 0xC4A9, 0xF6B1, 0xF6B0, 0xF6B0, 0xF68F, 0xF6B0,
    0xFED1, 0xFEB1, 0xE5ED, 0x82E4, 0x4140, 0x4121, 0x38C0, 0x3900, 0x30E0, 0x1040, 0x0000, 0x0000,
    0x0000, 0x0000, 0x0000, 0x0000, 0x1081, 0x28E0, 0x28C0, 0x30C0, 0x5181, 0x7242, 0x92E3, 0xE5AD,
    0xF6B0, 0xF68F, 0xF6D1, 0xF6B0, 0xFEF2, 0xF690, 0xEE6F, 0xDDAC, 0x7A83, 0x4140, 0x3920, 0x4941,
    0x30E0, 0x30E0, 0x1040, 0x0000, 0x0000, 0x0000, 0x0000, 0x0000, 0x0000, 0x1060, 0x30E1, 0x28A0,
    0x30C0, 0x59A1, 0x7A62, 0x8AC2, 0xDD4B, 0xEE6F, 0xEE6F, 0xF712, 0xF6D1, 0xF6D1, 0xF6D0, 0xF66F,
    0xDD6A, 0x8B04, 0x5140, 0x51A1, 0x4120, 0x28A0, 0x28C0, 0x1040, 0x0000, 0x0000, 0x0000, 0x0000,
    0x0000, 0x0000, 0x1040, 0x30E1, 0x30C0, 0x30E0, 0x59C2, 0x61C1, 0x9B24, 0xE5CD, 0xEE4F, 0xF690,
    0xF6B1, 0xF6B1, 0xFEF2, 0xEE8F, 0xE60D, 0xDD8B, 0x8AE3, 0x7A63, 0x8B05, 0x38E0, 0x28A0, 0x28C0,
    0x1040, 0x0000, 0x0000, 0x0000, 0x0000, 0x0000, 0x0000, 0x1860, 0x30E0, 0x30E0, 0x3900, 0x4961,
    0x5981, 0x92E4, 0xE5AD, 0xF6B0, 0xF6B1, 0xF6D1, 0xF6B0, 0xF6D1, 0xFEF1, 0xFEB0, 0xEE0E, 0x82A3,
    0x4120, 0x4121, 0x28A0, 0x28A0, 0x28C0, 0x1040, 0x0000, 0x0000, 0x0000, 0x0000, 0x0000, 0x0000,
    0x1060, 0x30E1, 0x28C0, 0x4121, 0x4961, 0x5160, 0x9324, 0xEE0E, 0xF6B0, 0xF6F1, 0xF6B0, 0xF6F1,
    0xF6D1, 0xFEF1, 0xF66F, 0xE5CD, 0x8AC4, 0x30E0, 0x3101, 0x30C0, 0x3900, 0x30C0, 0x1060, 0x0000,
    0x0000, 0x0000, 0x0000, 0x0000, 0x0000, 0x1060, 0x30E0, 0x28C0, 0x38E0, 0x5162, 0x6A23, 0x8AE3,
    0xEE2E, 0xEEAF, 0xEE8E, 0xEE8F, 0xF6D1, 0xF6D1, 0xF6D1, 0xF690, 0xEDEE, 0x8AE4, 0x3901, 0x49A3,
    0x3900, 0x3900, 0x30C0, 0x1060, 0x0000, 0x0000, 0x0000, 0x0000, 0x0000, 0x0000, 0x1060, 0x28E0,
    0x28C0, 0x38E0, 0x5162, 0x59A1, 0x8AC3, 0xE5CC, 0xF68F, 0xF6D1, 0xF6D2, 0xF6D2, 0xF713, 0xEE6F,
    0xEE6F, 0xE5CC, 0x9325, 0x4983, 0x4122, 0x3901, 0x30E0, 0x28C0, 0x1040, 0x0000, 0x0000, 0x0000,
    0x0000, 0x0000, 0x0000, 0x1040, 0x28E0, 0x28C0, 0x38E0, 0x5162, 0x5140, 0x8B04, 0xEE4F, 0xF6B0,
    0xF6D1, 0xFEF3, 0xF6B2, 0xF6D2, 0xFEF2, 0xF6B0, 0xE5CC, 0x8B05, 0x3901, 0x38E2, 0x3901, 0x30A0,
    0x30E0, 0x1040, 0x0000, 0x0000, 0x0000, 0x0000, 0x0000, 0x0000, 0x1040, 0x28C0, 0x28C0, 0x4941,
    0x59A2, 0x5961, 0x9B86, 0xEE2F, 0xF6B1, 0xF6B1, 0xF6B2, 0xF6B1, 0xF6D1, 0xF6F2, 0xF6D1, 0xF62E,
    0x9326, 0x3101, 0x4984, 0x30E0, 0x30C0, 0x28C0, 0x1040, 0x0000, 0x0000, 0x0000, 0x0000, 0x0000,
    0x0000, 0x1040, 0x28C0, 0x28A0, 0x38E0, 0x5161, 0x7222, 0x9364, 0xEE0E, 0xFED1, 0xF6D1, 0xF6F3,
    0xF6F3, 0xF6F2, 0xEEB1, 0xF6D1, 0xE5CD, 0x8283, 0x30E1, 0x3902, 0x4141, 0x30E0, 0x30C0, 0x1060,
    0x0000, 0x0000, 0x0000, 0x0000, 0x0000, 0x0000, 0x1040, 0x28C0, 0x28C0, 0x4100, 0x59A2, 0x7242,
    0x9B84, 0xDD8C, 0xF6B1, 0xF6F2, 0xFF13, 0xFEF3, 0xEEB0, 0xF6D1, 0xF690, 0xDD6B, 0x9325, 0x3101,
    0x51A4, 0x3900, 0x30E0, 0x30C0, 0x1040, 0x0000, 0x0000, 0x0000, 0x0000, 0x0000, 0x0000, 0x1040,
    0x28C0, 0x28C0, 0x4121, 0x61C2, 0x61A0, 0x9B84, 0xEE2E, 0xF6D1, 0xF6D2, 0xF6F2, 0xF6B1, 0xF6D1,
    0xF6B1, 0xE62E, 0xEE0D, 0x9304, 0x4122, 0x4122, 0x3900, 0x30E0, 0x30E0, 0x1040, 0x0000, 0x0000,
    0x0000, 0x0000, 0x0000, 0x0000, 0x1040, 0x28C0, 0x28A0, 0x4961, 0x61E3, 0x5961, 0x9B64, 0xE5ED,
    0xF6B1, 0xF6F2, 0xEEB1, 0xEE90, 0xF6D1, 0xF6F1, 0xF6B0, 0xEDED, 0x82A4, 0x4121, 0x59E3, 0x3920,
    0x30E0, 0x30E0, 0x1040, 0x0000, 0x0000, 0x0000, 0x0000, 0x0000, 0x0000, 0x1040, 0x28C0, 0x28A0,
    0x4121, 0x5182, 0x5161, 0x9B64, 0xEDED, 0xF6B1, 0xFF12, 0xF6F2, 0xF6D1, 0xF6D1, 0xF6F1, 0xF6B0,
    0xE5CC, 0x82A4, 0x4121, 0x6264, 0x38E0, 0x30C0, 0x30E0, 0x1040, 0x0000, 0x0000, 0x0000, 0x0000,
    0x0000, 0x0000, 0x1040, 0x28A0, 0x28A0, 0x3100, 0x4141, 0x59C2, 0x9343, 0xDD8B, 0xF6B1, 0xF6D1,
    0xF6D1, 0xF6B0, 0xEE8F, 0xF6D1, 0xF690, 0xE5CC, 0x9305, 0x51A3, 0x3901, 0x3901, 0x30E0, 0x30E0,
    0x1040, 0x0000, 0x0000, 0x0000, 0x0000, 0x0000, 0x0000, 0x1040, 0x20A0, 0x20A0, 0x3101, 0x3941,
    0x5181, 0xA3C6, 0xE5CD, 0xF6B1, 0xF6D2, 0xFEF2, 0xF690, 0xF6D1, 0xF6F1, 0xF6B0, 0xE5CC, 0x9303,
    0x6203, 0x3900, 0x30A0, 0x30E0, 0x30E0, 0x1040, 0x0000, 0x0000, 0x0000, 0x0000, 0x0000, 0x0000,
    0x1040, 0x20A0, 0x20A0, 0x3121, 0x4183, 0x5161, 0xA3C6, 0xEE2E, 0xF6D1, 0xF6D2, 0xF691, 0xEE4F,
    0xF6F2, 0xF6D1, 0xF690, 0xE5CC, 0xABA6, 0x4941, 0x3921, 0x30C0, 0x38E1, 0x30E0, 0x1860, 0x0000,
    0x0000, 0x0000, 0x0000, 0x0000, 0x0000, 0x1060, 0x20A0, 0x20A0, 0x3922, 0x4184, 0x5182, 0x9B85,
    0xEE2E, 0xEE6F, 0xFEF2, 0xEE70, 0xEE70, 0xF6F2, 0xFEF2, 0xEE6F, 0xE5AC, 0xA365, 0x61E3, 0x30C0,
    0x30E1, 0x30E0, 0x30E0, 0x1060, 0x0000, 0x0000, 0x0000, 0x0000, 0x0000, 0x0000, 0x1060, 0x20A0,
    0x28A0, 0x49A4, 0x4163, 0x4961, 0x9344, 0xE60D, 0xF66F, 0xF6B1, 0xF6B1, 0xF6B1, 0xF6F2, 0xF6F2,
    0xEE4F, 0xDD8C, 0x9B44, 0x4941, 0x4142, 0x3901, 0x30C0, 0x30E0, 0x1881, 0x0000, 0x0000, 0x0000,
    0x0000, 0x0000, 0x0000, 0x1060, 0x28A0, 0x28C0, 0x5A66, 0x49E4, 0x51A2, 0x8B24, 0xE5ED, 0xF690,
    0xF6D2, 0xFED2, 0xF6B0, 0xF6F2, 0xF6B1, 0xF6B1, 0xE5ED, 0x9303, 0x6202, 0x4983, 0x30C0, 0x30C0,
    0x30C0, 0x1060, 0x0000, 0x0000, 0x0000, 0x0000, 0x0000, 0x0000, 0x1040, 0x28C0, 0x28C0, 0x3101,
    0x3941, 0x5A03, 0x8B04, 0xEDEE, 0xEE4F, 0xF6D1, 0xF6F1, 0xFED1, 0xF6B1, 0xEE50, 0xF690, 0xEE0E,
    0x92E4, 0x4921, 0x3921, 0x3901, 0x30C0, 0x30C0, 0x1040, 0x0000, 0x0000, 0x0000, 0x0000, 0x0000,
    0x0000, 0x1060, 0x20C0, 0x28C0, 0x4141, 0x6224, 0x59C2, 0x9B45, 0xEDCD, 0xEE6F, 0xEEB1, 0xF6D2,
    0xEE70, 0xF6D2, 0xF6D1, 0xF690, 0xDD8C, 0xA385, 0x59A2, 0x4141, 0x38E1, 0x30C0, 0x30E0, 0x1040,
    0x0000, 0x0000, 0x0000, 0x0000, 0x0000, 0x0000, 0x2081, 0x28C0, 0x28C0, 0x30E0, 0x59A1, 0x59A1,
    0x9324, 0xEDCD, 0xF690, 0xF6F2, 0xF6B1, 0xFEF2, 0xFEF2, 0xFEF2, 0xF670, 0xE5AC, 0xAB85, 0x61A2,
    0x3900, 0x30E0, 0x30C0, 0x30E0, 0x1040, 0x0000, 0x0000, 0x0000, 0x0000, 0x0000, 0x0000, 0x18A0,
    0x28E1, 0x28C0, 0x30C0, 0x61E2, 0x69E2, 0xA3C6, 0xFE4F, 0xF6B0, 0xF6B1, 0xF6B1, 0xF690, 0xFEF2,
    0xF6D1, 0xEE2F, 0xEDCD, 0xA385, 0x4961, 0x3921, 0x3900, 0x30E0, 0x30E0, 0x1040, 0x0000, 0x0000,
    0x0000, 0x0000, 0x0000, 0x0000, 0x1880, 0x28C0, 0x28C0, 0x3900, 0x61E1, 0x7202, 0x9B44, 0xDD6C,
    0xF690, 0xF6D1, 0xFED1, 0xF690, 0xEE8F, 0xF6B0, 0xF6B0, 0xEDED, 0xA364, 0x4120, 0x3921, 0x3900,
    0x38E0, 0x30C0, 0x1040, 0x0000, 0x0000, 0x0000, 0x0000, 0x0000, 0x0000, 0x1860, 0x28C0, 0x28C0,
    0x4120, 0x6A01, 0x7A21, 0xABA5, 0xF690, 0xF6B0, 0xFEF1, 0xF6B0, 0xF690, 0xEE8F, 0xFED1, 0xF6B0,
    0xEDEC, 0xA364, 0x4121, 0x4962, 0x38E1, 0x30E0, 0x30E0, 0x1040, 0x0000, 0x0000, 0x0000, 0x0000,
    0x0000, 0x0000, 0x1860, 0x28A0, 0x20A0, 0x4121, 0x6A01, 0x7A41, 0xABC5, 0xE5ED, 0xF6AF, 0xF6F1,
    0xF6D1, 0xF6D1, 0xF6D1, 0xF6D1, 0xEE8F, 0xE5CC, 0xA364, 0x4141, 0x4982, 0x3901, 0x30E0, 0x3901,
    0x1040, 0x0000, 0x0000, 0x0000, 0x0000, 0x0000, 0x0000, 0x2080, 0x28C1, 0x30E1, 0x4100, 0x6A01,
    0x7A61, 0xB426, 0xF64E, 0xF6D1, 0xF6D0, 0xF6D1, 0xF6B0, 0xF6D0, 0xF6B0, 0xEE6F, 0xE5CC, 0xA365,
    0x4961, 0x5A04, 0x3900, 0x3900, 0x30E0, 0x1040, 0x0000, 0x0000, 0x0000, 0x0000, 0x0000, 0x0000,
    0x1880, 0x28C0, 0x30E1, 0x4120, 0x69C1, 0x8262, 0xB426, 0xF64E, 0xFED1, 0xF6D1, 0xF6D0, 0xF6B0,
    0xF6B0, 0xF6B0, 0xFED1, 0xEE0E, 0x9B66, 0x3901, 0x4962, 0x38E0, 0x4141, 0x30E0, 0x1040, 0x0000,
    0x0000, 0x0000, 0x0000, 0x0000, 0x0000, 0x1881, 0x28C0, 0x3101, 0x38E0, 0x61A1, 0x7A61, 0xA3A5,
    0xF64E, 0xF68F, 0xF6B0, 0xF6D1, 0xF6D2, 0xF6B0, 0xF68F, 0xF6B0, 0xEE2E, 0x9305, 0x3922, 0x38E1,
    0x4120, 0x3900, 0x30E0, 0x1860, 0x0000, 0x0000, 0x0000, 0x0000, 0x0000, 0x0000, 0x1880, 0x28C0,
    0x30E0, 0x4121, 0x7A63, 0x8AA3, 0xA384, 0xEE0D, 0xEE4E, 0xFEF1, 0xF6F2, 0xF6D2, 0xEE8F, 0xFED0,
    0xF6B0, 0xD54A, 0x8AC4, 0x30C1, 0x4962, 0x3921, 0x30E0, 0x28C0, 0x1860, 0x0000, 0x0000, 0x0000,
    0x0000, 0x0000, 0x0000, 0x1880, 0x28C0, 0x30E0, 0x38E1, 0x59A1, 0x7A62, 0xA384, 0xEE2E, 0xF66F,
    0xF6B0, 0xFED2, 0xFED2, 0xF690, 0xF68F, 0xFED0, 0xE5EC, 0x9346, 0x4983, 0x51C4, 0x30E0, 0x30C0,
    0x28A0, 0x1060, 0x0000, 0x0000, 0x0000, 0x0000, 0x0000, 0x0000, 0x2080, 0x28C0, 0x30E0, 0x3921,
    0x5181, 0x71E1, 0x9B84, 0xEE2E, 0xF690, 0xF6B0, 0xF6B0, 0xF690, 0xF690, 0xEE4E, 0xDDED, 0xE5ED,
    0x7A63, 0x3901, 0x30E1, 0x3901, 0x30C0, 0x28C0, 0x1060, 0x0000, 0x0000, 0x0000, 0x0000, 0x0000,
    0x0000, 0x2080, 0x30C0, 0x3901, 0x3901, 0x5982, 0x7222, 0xABC5, 0xF66F, 0xFED0, 0xEE4F, 0xFEF2,
    0xF6D1, 0xF690, 0xF6B0, 0xFED1, 0xEE0E, 0x7AA4, 0x3901, 0x3922, 0x30E1, 0x30E0, 0x30C0, 0x1860,
    0x0000, 0x0000, 0x0000, 0x0000, 0x0000, 0x0000, 0x1880, 0x28A0, 0x30E0, 0x4141, 0x59A1, 0x69E1,
    0xAC06, 0xEE0D, 0xF66F, 0xF68F, 0xF690, 0xF6D2, 0xF690, 0xF6B0, 0xF6B0, 0xEE4F, 0x82E4, 0x3921,
    0x4121, 0x38E1, 0x30E0, 0x28C0, 0x1860, 0x0000, 0x0000, 0x0000, 0x0000, 0x0000, 0x0000, 0x2080,
    0x30C0, 0x30C0, 0x4141, 0x5981, 0x7222, 0xABC5, 0xF64E, 0xF68F, 0xF6D1, 0xF6D1, 0xFF13, 0xF6B1,
    0xF68F, 0xF68F, 0xE5ED, 0x7AC4, 0x4100, 0x4983, 0x38E1, 0x30C0, 0x28A0, 0x1060, 0x0000, 0x0000,
    0x0000, 0x0000, 0x0000, 0x0000, 0x20A1, 0x28C0, 0x28E0, 0x51A2, 0x6A03, 0x6A02, 0xABA5, 0xEDED,
    0xFED0, 0xF6D1, 0xFEF2, 0xF6D2, 0xEE70, 0xE62E, 0xF68F, 0xE5ED, 0x7282, 0x4961, 0x4121, 0x30C0,
    0x30A0, 0x30A0, 0x1060, 0x0000, 0x0000, 0x0000, 0x0000, 0x0000, 0x0000, 0x1880, 0x28C0, 0x28C0,
    0x4141, 0x5981, 0x61C1, 0xA365, 0xF62E, 0xF690, 0xF6D0, 0xF6D1, 0xF6B1, 0xF6B1, 0xF6D1, 0xFED0,
    0xE60D, 0x8324, 0x6203, 0x59E4, 0x30E0, 0x30A0, 0x30C0, 0x1860, 0x0000, 0x0000, 0x0000, 0x0000,
    0x0000, 0x0000, 0x20A1, 0x28C0, 0x28E0, 0x4141, 0x51A1, 0x7243, 0x9B64, 0xF64F, 0xEE90, 0xF6D1,
    0xFEF1, 0xF6D1, 0xF6D0, 0xFEF1, 0xFED1, 0xEE2E, 0x9344, 0x59C3, 0x4983, 0x30C0, 0x30A0, 0x30C0,
    0x1840, 0x0000, 0x0000, 0x0000, 0x0000, 0x0000, 0x0000, 0x1880, 0x28C0, 0x28C0, 0x3921, 0x5181,
    0x69E2, 0xA3A6, 0xF66F, 0xF6B0, 0xF6D0, 0xEE8F, 0xF6D0, 0xF6B0, 0xF6D0, 0xEE4E, 0xEE0C, 0x9345,
    0x4101, 0x3901, 0x30C0, 0x30C0, 0x30C0, 0x1840, 0x0000, 0x0000, 0x0000, 0x0000, 0x0000, 0x0000,
    0x1880, 0x28C0, 0x28C0, 0x3101, 0x4121, 0x69E2, 0xABC6, 0xEE2E, 0xEE8F, 0xF6B0, 0xF68F, 0xEE8F,
    0xF68F, 0xF6AF, 0xF68E, 0xE5CC, 0xABE7, 0x59C4, 0x4162, 0x38E0, 0x38E0, 0x30E0, 0x1860, 0x0000,
    0x0000, 0x0000, 0x0000, 0x0000, 0x0000, 0x2081, 0x28C0, 0x20A0, 0x28C0, 0x3901, 0x6A23, 0xABC6,
    0xE5ED, 0xEE8F, 0xF68F, 0xF68F, 0xF68F, 0xF6AF, 0xF6AF, 0xF64E, 0xEE0D, 0xA3A6, 0x4941, 0x3101,
    0x3900, 0x38E0, 0x30E0, 0x1860, 0x0000, 0x0000, 0x0000, 0x0000, 0x0000, 0x0000, 0x1880, 0x28C0,
    0x28C0, 0x28C0, 0x3901, 0x82C5, 0xABE6, 0xF62E, 0xF6B0, 0xF6B0, 0xF6B0, 0xF690, 0xFED0, 0xF68F,
    0xF66E, 0xEDEC, 0xA385, 0x4941, 0x3921, 0x30E0, 0x30C0, 0x30C0, 0x1860, 0x0000, 0x0000, 0x0000,
    0x0000, 0x0000, 0x0000, 0x1880, 0x28C0, 0x28C0, 0x28C0, 0x38E1, 0x7243, 0xABC6, 0xF62E, 0xEE6F,
    0xF6B0, 0xF690, 0xEE6F, 0xF68F, 0xEE4E, 0xEE4E, 0xDD6B, 0x9B45, 0x5161, 0x49A3, 0x3900, 0x30E0,
    0x30E0, 0x20A1, 0x0000, 0x0000, 0x0000, 0x0000, 0x0000, 0x0000, 0x1880, 0x28C0, 0x28C0, 0x3101,
    0x4101, 0x82A4, 0xABA5, 0xEE0D, 0xEE6F, 0xF6B0, 0xF6B1, 0xF690, 0xF6AF, 0xF6AF, 0xF6AF, 0xEE2D,
    0xABA6, 0x61E2, 0x3920, 0x30E0, 0x30C0, 0x30E0, 0x28E2, 0x0000, 0x0000, 0x0000, 0x0000, 0x0000,
    0x0000, 0x1880, 0x28C0, 0x28C0, 0x3921, 0x4920, 0x7221, 0xABC5, 0xE5AB, 0xF6B0, 0xF6B0, 0xF6D1,
    0xF6B0, 0xF6CF, 0xF6D1, 0xF68E, 0xF62D, 0xABC6, 0x59A2, 0x61E3, 0x4121, 0x30C0, 0x30C0, 0x1880,
    0x0000, 0x0000, 0x0000, 0x0000, 0x0000, 0x0000, 0x1880, 0x28C0, 0x28C0, 0x4161, 0x59A1, 0x7A42,
    0xB3E5, 0xF64E, 0xF6B0, 0xFEF1, 0xFEF1, 0xFEF1, 0xF6D0, 0xEE70, 0xEE6E, 0xEDEC, 0xABA6, 0x4941,
    0x59A2, 0x3900, 0x30C0, 0x30E0, 0x2081, 0x0000, 0x0000, 0x0000, 0x0000, 0x0000, 0x0000, 0x18A0,
    0x28C0, 0x28C0, 0x3921, 0x5161, 0x9304, 0xA384, 0xEE0D, 0xF690, 0xFEF1, 0xF6D1, 0xE630, 0xF6D1,
    0xF690, 0xF6B0, 0xEDED, 0x9B24, 0x5161, 0x61A2, 0x38E0, 0x30C0, 0x3901, 0x1880, 0x0000, 0x0000,
    0x0000, 0x0000, 0x0000, 0x0000, 0x20A1, 0x28C0, 0x28C0, 0x38E0, 0x5981, 0x82A3, 0xA3A5, 0xF62E,
    0xEE4F, 0xEE90, 0xF6B0, 0x8305, 0xE60F, 0xF6B0, 0xF66F, 0xEE0D, 0xA385, 0x5182, 0x6A44, 0x38E0,
    0x30C0, 0x30E1, 0x1860, 0x0000, 0x0000, 0x0000, 0x0000, 0x0000, 0x0000, 0x20A1, 0x28C0, 0x28C0,
    0x30E0, 0x4940, 0x8262, 0xA3A5, 0xEE0D, 0xF690, 0xF6F1, 0xF6D1, 0xF6D0, 0xF6B0, 0xEE6F, 0xEE4E,
    0xE5CC, 0xA386, 0x4941, 0x59C3, 0x3901, 0x30E0, 0x30C0, 0x1860, 0x0000, 0x0000, 0x0000, 0x0000,
    0x0000, 0x0000, 0x20A1, 0x28C0, 0x28C0, 0x4141, 0x59C1, 0x7A22, 0x9303, 0xDD8B, 0xFED0, 0xF6B0,
    0xF690, 0xEE8F, 0xF68F, 0xEE8F, 0xF6AF, 0xF60D, 0x9B44, 0x4100, 0x4141, 0x38E1, 0x30C0, 0x30C0,
    0x1880, 0x0000, 0x0000, 0x0000, 0x0000, 0x0000, 0x0000, 0x20A1, 0x28C0, 0x3101, 0x59C3, 0x7A44,
    0x8AA3, 0x9B44, 0xEDEC, 0xF68F, 0xF6B0, 0xF68F, 0xF6D0, 0xF6D0, 0xF6B0, 0xEE6F, 0xF60D, 0xA345,
    0x51A2, 0x4121, 0x30C0, 0x30C0, 0x30C0, 0x1860, 0x0000, 0x0000, 0x0000, 0x0000, 0x0000, 0x0000,
    0x20A1, 0x20C0, 0x28C0, 0x4940, 0x69C1, 0x8262, 0x9B64, 0xE5EC, 0xEE6E, 0xF690, 0xF6B0, 0xF68F,
    0xFED0, 0xF6B0, 0xEE6F, 0xE5AC, 0x9B04, 0x4941, 0x4141, 0x30E0, 0x30C0, 0x30C0, 0x1880, 0x0000,
    0x0000, 0x0000, 0x0000, 0x0000, 0x0000, 0x20A1, 0x28E0, 0x28E0, 0x38E0, 0x69E2, 0x8282, 0xABE6,
    0xF66F, 0xF6B0, 0xF6B0, 0xF6B0, 0xF6AF, 0xF6AF, 0xF6AF, 0xF68F, 0xEDCD, 0xA365, 0x4121, 0x4962,
    0x38E0, 0x30E0, 0x30C0, 0x1860, 0x0000, 0x0000, 0x0000, 0x0000, 0x0000, 0x0000, 0x20A1, 0x28E0,
    0x28E1, 0x38E1, 0x6182, 0x71E2, 0xAC07, 0xF66E, 0xF6AF, 0xF6B1, 0xF6D0, 0xF68F, 0xF66E, 0xF68E,
    0xEE4D, 0xEDCC, 0xAB86, 0x4962, 0x4962, 0x38E0, 0x4121, 0x30C0, 0x1860, 0x0000, 0x0000, 0x0000,
    0x0000, 0x0000, 0x0000, 0x20A1, 0x28E1, 0x28C0, 0x3901, 0x6181, 0x7221, 0xAC06, 0xF66F, 0xF6AF,
    0xFED1, 0xF6B0, 0xF6AF, 0xF6AF, 0xF68F, 0xF66E, 0xEDAC, 0xAB85, 0x51C2, 0x5182, 0x38E0, 0x4141,
    0x28C0, 0x1860, 0x0000, 0x0000, 0x0000, 0x0000, 0x0000, 0x0000, 0x20A1, 0x28C0, 0x28C0, 0x3901,
    0x7A63, 0x7222, 0xABC5, 0xEDED, 0xF68F, 0xF6D0, 0xF6D0, 0xFED0, 0xFEB0, 0xF68F, 0xF66F, 0xEDEC,
    0xABA6, 0x4961, 0x4961, 0x3900, 0x38E0, 0x28C0, 0x1880, 0x0000, 0x0000, 0x0000, 0x0000, 0x0000,
    0x0000, 0x20A1, 0x28C0, 0x30E0, 0x4141, 0x8264, 0x69C1, 0xB406, 0xF62D, 0xE64D, 0xF6D0, 0xF6B0,
    0xF6B1, 0xF6B1, 0xF6B0, 0xFED0, 0xF62E, 0xA385, 0x4961, 0x4120, 0x38E0, 0x38E0, 0x28A0, 0x1880,
    0x0000, 0x0000, 0x0000, 0x0000, 0x0000, 0x0000, 0x20C1, 0x28C0, 0x28A0, 0x3900, 0x69E3, 0x69E1,
    0xBC26, 0xF62D, 0xF6AF, 0xFEF1, 0xF6B0, 0xF6D1, 0xEE90, 0xEE8F, 0xF68F, 0xEE0D, 0xAB85, 0x5981,
    0x5161, 0x38E1, 0x30E0, 0x28A0, 0x1880, 0x0000, 0x0000, 0x0000, 0x0000, 0x0000, 0x0000, 0x28A1,
    0x28C0, 0x28C1, 0x38E1, 0x4941, 0x61C1, 0xB426, 0xE5EB, 0xFED0, 0xFED1, 0xF6B0, 0xF66F, 0xF68F,
    0xF6AF, 0xF690, 0xEDED, 0xAB84, 0x61C2, 0x61C2, 0x38E1, 0x38E1, 0x30C0, 0x1880, 0x0000, 0x0000,
    0x0000, 0x0000, 0x0000, 0x0000, 0x28A0, 0x28A0, 0x28C1, 0x4983, 0x59C2, 0x6A02, 0xBC27, 0xF66E,
    0xFEAF, 0xF6D0, 0xF6B0, 0xF68F, 0xF68F, 0xF68F, 0xF690, 0xF64E, 0xAB84, 0x5981, 0x4961, 0x4100,
    0x3900, 0x30C0, 0x1880, 0x0000, 0x0000, 0x0000, 0x0000, 0x0000, 0x0000, 0x20A1, 0x28A0, 0x28C1,
    0x4962, 0x59A2, 0x69E2, 0xBC27, 0xF66E, 0xEE4D, 0xF6B0, 0xF690, 0xF6B0, 0xF68F, 0xF6B0, 0xF6B0,
    0xEDED, 0xAB84, 0x59C1, 0x4920, 0x4100, 0x38E0, 0x30C0, 0x1880, 0x0000, 0x0000, 0x0000, 0x0000,
    0x0000, 0x0000, 0x2081, 0x20A0, 0x20A0, 0x51E4, 0x59A2, 0x7222, 0xB3E6, 0xF62D, 0xEE4E, 0xF6D1,
    0xF6B0, 0xF6B0, 0xF6B0, 0xF6B0, 0xF690, 0xE5AD, 0xA364, 0x69E2, 0x5161, 0x4100, 0x3900, 0x30E0,
    0x1880, 0x0000, 0x0000, 0x0000, 0x0000, 0x0000, 0x0000, 0x28A1, 0x20A0, 0x20A0, 0x6225, 0x5182,
    0x6A02, 0xA3A5, 0xEE2E, 0xFED1, 0xFEF2, 0xF6D1, 0xF6D0, 0xF6B0, 0xF6B0, 0xF690, 0xEDED, 0xABA5,
    0x61C2, 0x59A1, 0x4100, 0x38E0, 0x30E0, 0x1880, 0x0000, 0x0000, 0x0000, 0x0000, 0x0000, 0x0000,
    0x28A1, 0x20A0, 0x20A0, 0x3921, 0x5181, 0x7223, 0xB3E6, 0xDD6B, 0xF6D0, 0xF6F1, 0xF6B0, 0xF6B0,
    0xEE90, 0xF6D0, 0xF6B0, 0xF64F, 0xB3C5, 0x61C1, 0x5981, 0x4100, 0x30E0, 0x30C0, 0x1880, 0x0000,
    0x0000, 0x0000, 0x0000, 0x0000, 0x0000, 0x28C1, 0x28A0, 0x28A1, 0x49A3, 0x59C2, 0x7A64, 0xBC47,
    0xFE6F, 0xF6AF, 0xF6D0, 0xF6D0, 0xFEF1, 0xF6B0, 0xF6B0, 0xFED1, 0xEE0E, 0xB3E6, 0x6A02, 0x5161,
    0x4121, 0x38E0, 0x30C0, 0x1880, 0x0000, 0x0000, 0x0000, 0x0000, 0x0000, 0x0000, 0x28C1, 0x28A1,
    0x28A1, 0x51A3, 0x5161, 0x69E2, 0xABC6, 0xEE2E, 0xF6D0, 0xFED2, 0xFEF2, 0xFEF2, 0xF6D1, 0xEE90,
    0xFED1, 0xEE0E, 0x9B03, 0x61C1, 0x5141, 0x4100, 0x38E0, 0x30C0, 0x1880, 0x0000, 0x0000, 0x0000,
    0x0000, 0x0000, 0x0000, 0x28A1, 0x28A0, 0x28C1, 0x49A3, 0x5161, 0x61A1, 0xABE6, 0xEDED, 0xEE8F,
    0xF6D1, 0xF6F1, 0xF6F1, 0xF6B0, 0xF6B0, 0xFED1, 0xEE0D, 0xB3A5, 0x5140, 0x4900, 0x38E0, 0x30E0,
    0x30C0, 0x1880, 0x0000, 0x0000, 0x0000, 0x0000, 0x0000, 0x0000, 0x28C1, 0x28A1, 0x28C1, 0x3942,
    0x4981, 0x7A83, 0x9B85, 0xDDAC, 0xF6D0, 0xF6F1, 0xF6B0, 0xFEF1, 0xEE8F, 0xF68F, 0xF68F, 0xEE0D,
    0xA364, 0x4940, 0x5162, 0x4101, 0x30E0, 0x30C0, 0x1880, 0x0000, 0x0000, 0x0000, 0x0000, 0x0000,
    0x0000, 0x28C1, 0x28C1, 0x28C1, 0x3942, 0x4961, 0x7242, 0xABC6, 0xFEB1, 0xFEF1, 0xFEF2, 0xF6D1,
    0xFEF1, 0xFED0, 0xF68F, 0xF68F, 0xE5AB, 0xA364, 0x4920, 0x4101, 0x3901, 0x38E0, 0x30C0, 0x2080,
    0x0000, 0x0000, 0x0000, 0x0000, 0x0000, 0x0000, 0x28E1, 0x20A0, 0x20C1, 0x3963, 0x4962, 0x7243,
    0xA385, 0xEE0E, 0xF6B0, 0xF6D0, 0xEE8F, 0xFED1, 0xF68F, 0xEE6E, 0xF66F, 0xEDCC, 0xA364, 0x4940,
    0x4142, 0x3901, 0x38E0, 0x30C0, 0x2080, 0x0000, 0x0000, 0x0000, 0x0000, 0x0000, 0x0000, 0x28C1,
    0x20A0, 0x20A1, 0x3963, 0x3901, 0x6A22, 0x9B43, 0xE5AD, 0xF68F, 0xF68F, 0xF6D0, 0xF6AF, 0xEE6F,
    0xEE6E, 0xFEB0, 0xEDCC, 0xB3E6, 0x5181, 0x3901, 0x3900, 0x30C0, 0x30A0, 0x1880, 0x0000, 0x0000,
    0x0000, 0x0000, 0x0000, 0x0000, 0x28C1, 0x20A0, 0x28E1, 0x2902, 0x4142, 0x7243, 0xABC5, 0xFE4F,
    0xEE4E, 0xF66E, 0xF6D0, 0xEE6E, 0xF6B0, 0xF68F, 0xF66F, 0xE5AC, 0xA365, 0x4121, 0x3942, 0x3901,
    0x30C0, 0x30C0, 0x1880, 0x0000, 0x0000, 0x0000, 0x0000, 0x0000, 0x0000, 0x28A1, 0x28C1, 0x28C1,
    0x28E1, 0x4962, 0x7A63, 0xA364, 0xEDCD, 0xF66E, 0xEE4E, 0xF6B0, 0xF68F, 0xFED1, 0xF6D0, 0xF68F,
    0xE5AC, 0xA366, 0x4101, 0x30C1, 0x30C0, 0x28C0, 0x30C0, 0x1860, 0x0000, 0x0000, 0x0000, 0x0000,
    0x0000, 0x0000, 0x28A1, 0x28C0, 0x20A0, 0x28A0, 0x4142, 0x6A02, 0x9B23, 0xE58B, 0xEE2D, 0xEE4E,
    0xF68F, 0xF68F, 0xF690, 0xF6B0, 0xEE6E, 0xDD4A, 0x8AC3, 0x38E1, 0x3102, 0x30C0, 0x28C0, 0x30C0,
    0x1860, 0x0000, 0x0000, 0x0000, 0x0000, 0x0000, 0x0000, 0x20A0, 0x20C0, 0x20C0, 0x28C1, 0x4962,
    0x61C1, 0x9303, 0xEDCC, 0xF68E, 0xEE2D, 0xF6B1, 0xEE2F, 0xF6B1, 0xF6B0, 0xEE0D, 0xCD09, 0x92E3,
    0x4121, 0x30E2, 0x3101, 0x28C0, 0x30E0, 0x1860, 0x0000, 0x0000, 0x0000, 0x0000, 0x0000, 0x0000,
    0x28C1, 0x20C0, 0x20C0, 0x30E1, 0x5182, 0x5981, 0x92E3, 0xF60D, 0xF64E, 0xF62F, 0xF6B2, 0xEE4F,
    0xFED2, 0xFEF1, 0xEDED, 0xD52A, 0x8AE3, 0x4101, 0x30E1, 0x30C1, 0x28C0, 0x28C0, 0x1860, 0x0000,
    0x0000, 0x0000, 0x0000, 0x0000, 0x0000, 0x28C1, 0x20C1, 0x20A0, 0x2080, 0x4942, 0x5162, 0x8263,
    0xE5AB, 0xEE2E, 0xFEB2, 0xEE4F, 0xEE2D, 0xFED0, 0xF64F, 0xB427, 0xB447, 0x8283, 0x4142, 0x4163,
    0x3901, 0x28C0, 0x28C0, 0x1860, 0x0000, 0x0000, 0x0000, 0x0000, 0x0000, 0x0000, 0x28C1, 0x3122,
    0x20A0, 0x2080, 0x30A0, 0x40E1, 0x7A43, 0xEDCC, 0xF66F, 0xF690, 0xEE6E, 0xEE4E, 0xEE4E, 0xFE90,
    0xF66F, 0xE5AB, 0x82A3, 0x51C4, 0x3942, 0x30E0, 0x28A0, 0x28C0, 0x1060, 0x0000, 0x0000, 0x0000,
    0x0000, 0x0000, 0x0000, 0x20A1, 0x3102, 0x20A0, 0x28C1, 0x28C0, 0x4101, 0x8B05, 0xF60F, 0xF66F,
    0xF6AF, 0xF68F, 0xF68F, 0xE60D, 0xFEB0, 0xF66E, 0xE5AB, 0x7A84, 0x3101, 0x3101, 0x3100, 0x30E0,
    0x30E0, 0x1881, 0x0000, 0x0000, 0x0000, 0x0000, 0x0000, 0x0000, 0x18A1, 0x28E1, 0x20A0, 0x30E1,
    0x30C1, 0x4921, 0x6A02, 0xE5AB, 0xEE2C, 0xE60C, 0xEE4E, 0xEE2E, 0xC509, 0xF64F, 0xF62E, 0xBC89,
    0x6A03, 0x30E2, 0x3102, 0x28C0, 0x28C0, 0x28E0, 0x0820, 0x0000, 0x0000, 0x0000, 0x0000, 0x0000,
    0x0000, 0x0000, 0x20A0, 0x2080, 0x3101, 0x4142, 0x51C3, 0x30E1, 0x7AC5, 0xDD6A, 0x8B04, 0x59E2,
    0xDD8D, 0xE5EE, 0xCCA9, 0xBC06, 0x7A83, 0x51E4, 0x41A4, 0x3122, 0x1860, 0x2080, 0x1040, 0x0000,
    0x0000, 0x0000, 0x0000, 0x0000, 0x0000, 0x0000, 0x0000, 0x0820, 0x1880, 0x20A0, 0x3101, 0x28C1,
    0x28E2, 0x3102, 0x72C7, 0x72A6, 0x8349, 0x7B07, 0x72C6, 0x6A44, 0x7264, 0x5A05, 0x20C1, 0x2080,
    0x28C1, 0x1040, 0x1060, 0x0000, 0x0000, 0x0000, 0x0000, 0x0000, 0x0000, 0x0000, 0x0000, 0x0000,
    0x0000, 0x1060, 0x2901, 0x2902, 0x20A1, 0x20C1, 0x28C1, 0x3943, 0x4163, 0x3922, 0x20A1, 0x20C1,
    0x3984, 0x3964, 0x3122, 0x1880, 0x28E2, 0x3942, 0x18A0, 0x0000, 0x0000, 0x0000, 0x0000, 0x0000,
    0x0000, 0x0000, 0x0000, 0x0000, 0x0000, 0x0000, 0x0000, 0x2902, 0x20A1, 0x20A1, 0x41A5, 0x3122,
    0x4142, 0x72A6, 0x49C5, 0x4A06, 0x3164, 0x2923, 0x2923, 0x41A5, 0x20A1, 0x3102, 0x49E5, 0x1081,
    0x0000, 0x0000, 0x0000, 0x0000, 0x0000, 0x0000, 0x0000, 0x0000, 0x0000, 0x0000, 0x0000, 0x0000,
    0x20C1, 0x20C1, 0x18A1, 0x3164, 0x41A4, 0xA44D, 0x72C6, 0x41C5, 0x62EA, 0x41C5, 0x3164, 0x3144,
    0x2902, 0x20C2, 0x3103, 0x3123, 0x0020, 0x0000, 0x0000, 0x0000, 0x0000, 0x0000, 0x0000, 0x0000,
    0x0000, 0x0000, 0x0000, 0x0000, 0x0000, 0x10A1, 0x20E2, 0x20E2, 0x41C6, 0x28E1, 0x5A67, 0x4184,
    0x3984, 0x39A5, 0x3985, 0x3164, 0x2903, 0x3144, 0x41C5, 0x2902, 0x2922, 0x0020, 0x0000, 0x0000,
    0x0000, 0x0000, 0x0000, 0x0000, 0x0000, 0x0000, 0x0000, 0x0000, 0x0000, 0x0000, 0x18A1, 0x28E2,
    0x1060, 0x3164, 0x3123, 0x3963, 0x3964, 0x3964, 0x20E2, 0x20C2, 0x3985, 0x3164, 0x3984, 0x2923,
    0x2902, 0x3142, 0x0020, 0x0000, 0x0000, 0x0000, 0x0000, 0x0000, 0x0000, 0x0000, 0x0000, 0x0000,
    0x0000, 0x0000, 0x0000, 0x18A1, 0x28E2, 0x20A1, 0x3985, 0x39A5, 0x3943, 0x51C3, 0x5A04, 0x6266,
    0x6287, 0x4A07, 0x41C6, 0x41E6, 0x2903, 0x3143, 0x3143, 0x0820, 0x0000, 0x0000, 0x0000, 0x0000,
    0x0000, 0x0000, 0x0000, 0x0000, 0x0000, 0x0000, 0x0000, 0x0000, 0x20E2, 0x3143, 0x28E1, 0x41A5,
    0x3144, 0x6AA8, 0x6244, 0x3942, 0x3123, 0x3103, 0x41C6, 0x49E6, 0x41A5, 0x2902, 0x3143, 0x20A1,
    0x1061, 0x0000, 0x0000, 0x0000, 0x0000, 0x0000, 0x0000, 0x0000, 0x0000, 0x0000, 0x0000, 0x0000,
    0x0000, 0x3963, 0x3922, 0x3921, 0x7AC7, 0x5A26, 0x51E5, 0x2902, 0x20E2, 0x4A07, 0x3985, 0x2903,
    0x3143, 0x62C9, 0x4A27, 0x2902, 0x30E2, 0x3943, 0x0000, 0x0000, 0x0000, 0x0000, 0x0000, 0x0000,
    0x0000, 0x0000, 0x0000, 0x0000, 0x0000, 0x18A1, 0x49A3, 0x49A3, 0x838B, 0x7AE8, 0x5A05, 0x72C8,
    0x4162, 0x49A4, 0x3123, 0x3943, 0x4184, 0x3984, 0x3143, 0x736C, 0x41E6, 0x3944, 0x49A3, 0x20A1,
    0x0000, 0x0000, 0x0000, 0x0000, 0x0000, 0x0000, 0x0000, 0x0000, 0x0000, 0x18A1, 0x51E4, 0x49A3,
    0x7B0A, 0xDE57, 0xAC6F, 0x7B08, 0x51A2, 0x72A5, 0x8327, 0x51C3, 0x4984, 0x9C0D, 0x6A87, 0x3964,
    0x4206, 0x8C2F, 0x20C2, 0x49A3, 0x49C3, 0x20C1, 0x0000, 0x0000, 0x0000, 0x0000, 0x0000, 0x0000,
    0x0000, 0x0860, 0x49E3, 0x5A25, 0x5A05, 0xC532, 0xAC6E, 0x6A25, 0x51A3, 0x59E3, 0x6203, 0x6A44,
    0x6205, 0x49A4, 0x72E7, 0x5A45, 0x41A4, 0x2923, 0x5248, 0x3144, 0x51E4, 0x4182, 0x3922, 0x1060,
    0x0000, 0x0000, 0x0000, 0x0000, 0x0000, 0x0820, 0x3943, 0x4163, 0x6287, 0x9C4E, 0x938B, 0x59E3,
    0x4182, 0x4983, 0x51C3, 0x5A04, 0x4982, 0x4142, 0x3942, 0x3962, 0x3983, 0x5205, 0x49A3, 0x59C2,
    0x59E4, 0x8BAC, 0x3943, 0x28E1, 0x2901, 0x0840, 0x0000, 0x0000, 0x0000, 0x0000, 0x2922, 0x3983,
    0x3943, 0x8BAD, 0x4184, 0x51A3, 0x6203, 0x4162, 0x3942, 0x20A0, 0x1860, 0x1860, 0x1860, 0x1860,
    0x1860, 0x28C1, 0x5A25, 0x6224, 0x9305, 0x9325, 0x72A6, 0x7B2A, 0x3102, 0x28E1, 0x28E1, 0x0000,
    0x0000, 0x0000, 0x1081, 0x3943, 0x3122, 0x41A5, 0x4185, 0x3122, 0x59E4, 0x7286, 0x28C0, 0x1860,
    0x20A0, 0x20A0, 0x1880, 0x1880, 0x2080, 0x2080, 0x2080, 0x2080, 0x3921, 0x7244, 0x8B05, 0x9BE7,
    0x5205, 0x4184, 0x28C0, 0x30E1, 0x1060, 0x0000, 0x0000, 0x2922, 0x3142, 0x3983, 0x83AD, 0x4163,
    0x5A05, 0x51C4, 0x28A0, 0x2080, 0x2080, 0x1880, 0x0840, 0x0000, 0x0000, 0x0000, 0x1060, 0x20A1,
    0x1860, 0x1860, 0x28A1, 0x6A44, 0x51C2, 0x4142, 0x6265, 0x30E1, 0x30E0, 0x20C0, 0x0000, 0x0840,
    0x2901, 0x2901, 0x4184, 0x41A4, 0x49C3, 0x51C3, 0x28C0, 0x20A0, 0x1880, 0x0840, 0x0000, 0x0000,
    0x0000, 0x0000, 0x0000, 0x0000, 0x0000, 0x1080, 0x1880, 0x2080, 0x4162, 0x51C2, 0x7284, 0x6A64,
    0x4983, 0x28C0, 0x30E1, 0x0820, 0x1081, 0x20C0, 0x2901, 0x6267, 0x49A4, 0x3941, 0x51C3, 0x28A0,
    0x28E1, 0x0840, 0x0000, 0x0000, 0x0000, 0x0000, 0x0000, 0x0000, 0x0000, 0x0000, 0x0000, 0x1080,
    0x28E0, 0x30E0, 0x59C3, 0x6A24, 0x4941, 0x51E5, 0x28C0, 0x30C1, 0x1040, 0x18A1, 0x3102, 0x4183,
    0x51E5, 0x4162, 0x4182, 0x3101, 0x30E0, 0x20A0, 0x0000, 0x0000, 0x0000, 0x0000, 0x0000, 0x0000,
    0x0000, 0x0000, 0x0000, 0x0000, 0x0000, 0x3101, 0x3920, 0x4141, 0x4162, 0x3921, 0x4163, 0x28A0,
    0x28A0, 0x20A1, 0x20A1, 0x3122, 0x49E5, 0x49A3, 0x3921, 0x3921, 0x28C0, 0x3921, 0x1060, 0x0000,
    0x0000, 0x0000, 0x0000, 0x0000, 0x0000, 0x0000, 0x0000, 0x0000, 0x0000, 0x0000, 0x28E1, 0x4141,
    0x4141, 0x7A84, 0x6224, 0x3122, 0x20C1, 0x20A0, 0x20C1, 0x20C1, 0x20C1, 0x4183, 0x4162, 0x4162,
    0x4162, 0x3100, 0x3921, 0x0840, 0x0000, 0x0000, 0x0000, 0x0000, 0x0000, 0x0000, 0x0000, 0x0000,
    0x0000, 0x0000, 0x0000, 0x1861, 0x59E3, 0x4120, 0x59C3, 0x3922, 0x3102, 0x20A0, 0x20A0, 0x20A0,
    0x20A1, 0x1880, 0x3963, 0x6225, 0x4141, 0x4162, 0x49A3, 0x4982, 0x0840, 0x0000, 0x0000, 0x0000,
    0x0000, 0x0000, 0x0000, 0x0000, 0x0000, 0x0000, 0x0000, 0x0000, 0x1080, 0x51A1, 0x4981, 0x4962,
    0x2922, 0x3123, 0x28E2, 0x28C1, 0x20A0, 0x1881, 0x1880, 0x3122, 0x6246, 0x5183, 0x7AE9, 0x51E4,
    0x4141, 0x1060, 0x0000, 0x0000, 0x0000, 0x0000, 0x0000, 0x0000, 0x0000, 0x0000, 0x0000, 0x0000,
    0x0000, 0x20C1, 0x51A1, 0x5181, 0x59A2, 0x6A45, 0x3923, 0x28E2, 0x28C1, 0x1880, 0x1881, 0x20C1,
    0x3122, 0x5205, 0x49A3, 0x3922, 0x3901, 0x4122, 0x2921, 0x0000, 0x0000, 0x0000, 0x0000, 0x0000,
    0x0000, 0x0000, 0x0000, 0x0000, 0x0000, 0x0000, 0x4142, 0x59E2, 0x61E2, 0x6A02, 0x59C3, 0x4184,
    0x20C1, 0x1880, 0x1860, 0x1060, 0x1880, 0x20A0, 0x51E5, 0x4984, 0x3942, 0x5A04, 0x4120, 0x5A02,
    0x1060, 0x0000, 0x0000, 0x0000, 0x0000, 0x0000, 0x0000, 0x0000, 0x0000, 0x0000, 0x1060, 0x59C1,
    0x7A84, 0x7AE6, 0x59C3, 0x4142, 0x28E2, 0x2080, 0x2080, 0x1040, 0x0020, 0x1880, 0x1880, 0x3102,
    0x30E2, 0x3922, 0x7AE7, 0x59E3, 0x51A2, 0x4982, 0x0840, 0x0000, 0x0000, 0x0000, 0x0000, 0x0000,
    0x0000, 0x0000, 0x1040, 0x59E2, 0x6202, 0x6A44, 0x4141, 0x3922, 0x51E5, 0x28C1, 0x28E1, 0x2080,
    0x0000, 0x0000, 0x1080, 0x20C1, 0x1040, 0x3102, 0x51E5, 0x3101, 0x51A3, 0x6A44, 0x51A1, 0x4961,
    0x20C1, 0x0000, 0x0000, 0x0000, 0x0000, 0x0820, 0x4163, 0x7243, 0x6A23, 0x9368, 0x4982, 0x3942,
    0x3122, 0x4184, 0x20A0, 0x20A0, 0x1060, 0x0000, 0x0000, 0x0820, 0x1880, 0x28C1, 0x2902, 0x51E4,
    0x4162, 0x3941, 0x5A03, 0x8B27, 0x59C2, 0x6203, 0x59E2, 0x5182, 0x51E2, 0x59E3, 0x7A85, 0x8284,
    0x9B26, 0x9368, 0x6A24, 0x5181, 0x4162, 0x2902, 0x1880, 0x1860, 0x1880, 0x0800, 0x0000, 0x0000,
    0x0000, 0x1860, 0x1860, 0x1880, 0x20A0, 0x49A4, 0x4983, 0x4121, 0x61E2, 0x8B67, 0x8307, 0x7285,
    0x7244, 0x6A02, 0x61E2, 0x8AE6, 0x9B69, 0xA3EC, 0x69E4, 0x5162, 0x7AC6, 0x6244, 0x20A0, 0x1860,
    0x1880, 0x1081, 0x0000, 0x0000, 0x0000, 0x0000, 0x0000, 0x1880, 0x18A1, 0x1860, 0x3902, 0x7A86,
    0x6A24, 0x4961, 0x59C1, 0x4161, 0x6245, 0x6A66, 0x51A3, 0x59E3, 0x7AC7, 0x5181, 0x51A2, 0x59E3,
    0x4982, 0x4142, 0x28A0, 0x1860, 0x1860, 0x1861, 0x0000, 0x0000, 0x0000, 0x0000, 0x0000, 0x0000,
    0x0000, 0x1060, 0x1060, 0x20A1, 0x28A1, 0x4162, 0x6A65, 0x6223, 0x4962, 0x4161, 0x3900, 0x4982,
    0x7285, 0x59A2, 0x59E2, 0x49A2, 0x3942, 0x3121, 0x1880, 0x1060, 0x1880, 0x1060, 0x0000, 0x0000,
    0x0000, 0x0000, 0x0000, 0x0000, 0x0000, 0x0000, 0x0020, 0x1060, 0x1040, 0x1840, 0x1860, 0x2080,
    0x3121, 0x51E3, 0x8B67, 0x8B68, 0x51E3, 0x4182, 0x4181, 0x49A3, 0x3122, 0x2080, 0x1840, 0x1860,
    0x1060, 0x1040, 0x0000, 0x0000, 0x0000, 0x0000, 0x0000, 0x0000, 0x0000, 0x0000, 0x0000, 0x0000,
    0x0000, 0x1060, 0x1860, 0x1860, 0x1860, 0x1060, 0x1860, 0x20A0, 0x20A0, 0x1860, 0x1880, 0x1860,
    0x1860, 0x1880, 0x1040, 0x1040, 0x1860, 0x0840, 0x0000, 0x0000, 0x0000, 0x0000, 0x0000, 0x0000,
    0x0000, 0x0000, 0x0000, 0x0000, 0x0000, 0x0000, 0x0000, 0x0820, 0x1040, 0x1860, 0x1060, 0x1060,
    0x1040, 0x1860, 0x1860, 0x1860, 0x1060, 0x1860, 0x1040, 0x1060, 0x0840, 0x0820, 0x0000, 0x0000,
    0x0000, 0x0000, 0x0000, 0x0000, 0x0000, 0x0000, 0x0000, 0x0000, 0x0000, 0x0000, 0x0000, 0x0000,
    0x0000, 0x0000, 0x0000, 0x0840, 0x1060, 0x1040, 0x1020, 0x1020, 0x0840, 0x0840, 0x1040, 0x0820,
    0x0000, 0x0000, 0x0000, 0x0000, 0x0000, 0x0000, 0x0000, 0x0000, 0x0000, 0x0000,
};
const uint8_t HOUR_A[] PROGMEM = {
    0, 0, 0, 0, 0, 0, 0, 0, 0, 0, 0, 0, 49, 168, 209, 176, 73, 0, 0, 0,
    0, 0, 0, 0, 0, 0, 0, 0, 0, 0, 0, 0, 0, 0, 0, 0, 0, 0, 0, 0,
    14, 230, 251, 250, 250, 241, 51, 0, 0, 0, 0, 0, 0, 0, 0, 0, 0, 0, 0, 0,
    0, 0, 0, 0, 0, 0, 0, 0, 0, 64, 252, 252, 251, 251, 248, 104, 0, 0, 0, 0,
    0, 0, 0, 0, 0, 0, 0, 0, 0, 0, 0, 0, 0, 0, 0, 0, 0, 0, 93, 252,
    252, 252, 251, 248, 142, 0, 0, 0, 0, 0, 0, 0, 0, 0, 0, 0, 0, 0, 0, 0,
    0, 0, 0, 0, 0, 0, 0, 100, 251, 252, 252, 252, 249, 154, 0, 0, 0, 0, 0, 0,
    0, 0, 0, 0, 0, 0, 0, 0, 0, 0, 0, 0, 0, 0, 0, 0, 105, 251, 252, 252,
    252, 249, 159, 0, 0, 0, 0, 0, 0, 0, 0, 0, 0, 0, 0, 0, 0, 0, 0, 0,
    0, 0, 0, 0, 0, 122, 252, 252, 252, 252, 250, 179, 0, 0, 0, 0, 0, 0, 0, 0,
    0, 0, 0, 0, 0, 0, 0, 0, 0, 0, 0, 0, 0, 0, 146, 252, 252, 252, 252, 251,
    210, 0, 0, 0, 0, 0, 0, 0, 0, 0, 0, 0, 0, 0, 0, 0, 0, 0, 0, 0,
    0, 0, 0, 155, 252, 252, 252, 252, 251, 217, 0, 0, 0, 0, 0, 0, 0, 0, 0, 0,
    0, 0, 0, 0, 0, 0, 0, 0, 0, 0, 0, 0, 163, 252, 252, 252, 252, 251, 219, 0,
    0, 0, 0, 0, 0, 0, 0, 0, 0, 0, 0, 0, 0, 0, 0, 0, 0, 0, 0, 0,
    0, 189, 252, 252, 252, 252, 251, 234, 15, 0, 0, 0, 0, 0, 0, 0, 0, 0, 0, 0,
    0, 0, 0, 0, 0, 0, 0, 0, 0, 0, 202, 251, 252, 252, 252, 251, 242, 23, 0, 0,
    0, 0, 0, 0, 0, 0, 0, 0, 0, 0, 0, 0, 0, 0, 0, 0, 0, 0, 0, 213,
    251, 252, 252, 251, 251, 244, 25, 0, 0, 0, 0, 0, 0, 0, 0, 0, 0, 0, 0, 0,
    0, 0, 0, 0, 0, 0, 0, 1, 225, 252, 252, 252, 251, 251, 245, 29, 0, 0, 0, 0,
    0, 0, 0, 0, 0, 0, 0, 0, 0, 0, 0, 0, 0, 0, 0, 0, 20, 238, 252, 252,
    252, 251, 251, 247, 44, 0, 0, 0, 0, 0, 0, 0, 0, 0, 0, 0, 0, 0, 0, 0,
    0, 0, 0, 0, 0, 26, 242, 251, 252, 252, 252, 251, 250, 72, 0, 0, 0, 0, 0, 0,
    0, 0, 0, 0, 0, 0, 0, 0, 0, 0, 0, 0, 0, 0, 32, 246, 251, 252, 252, 252,
    252, 251, 79, 0, 0, 0, 0, 0, 0, 0, 0, 0, 0, 0, 0, 0, 0, 0, 0, 0,
    0, 0, 0, 46, 248, 252, 252, 252, 252, 252, 250, 87, 0, 0, 0, 0, 0, 0, 0, 0,
    0, 0, 0, 0, 0, 0, 0, 0, 0, 0, 0, 0, 100, 250, 252, 252, 252, 252, 252, 251,
    148, 0, 0, 0, 0, 0, 0, 0, 0, 0, 0, 0, 0, 0, 0, 0, 0, 0, 0, 0,
    73, 230, 251, 252, 252, 253, 253, 252, 252, 242, 90, 1, 0, 0, 0, 0, 0, 0, 0, 0,
    0, 0, 0, 0, 0, 0, 0, 48, 174, 246, 251, 252, 252, 253, 253, 253, 253, 252, 251, 247,
    194, 57, 1, 0, 0, 0, 0, 0, 0, 0, 0, 0, 0, 0, 7, 126, 240, 249, 251, 252,
    252, 253, 253, 253, 253, 253, 253, 252, 251, 249, 245, 168, 20, 0, 0, 0, 0, 0, 0, 0,
    0, 0, 30, 187, 249, 250, 251, 252, 252, 252, 253, 253, 253, 253, 253, 253, 252, 252, 251, 251,
    251, 218, 46, 0, 0, 0, 0, 0, 0, 0, 9, 214, 251, 252, 252, 252, 252, 252, 252, 252,
    253, 253, 253, 253, 253, 253, 252, 252, 252, 252, 251, 224, 23, 0, 0, 0, 0, 0, 0, 49,
    250, 252, 252, 252, 252, 252, 252, 252, 252, 253, 253, 253, 253, 253, 253, 253, 253, 253, 252, 251,
    248, 93, 0, 0, 0, 0, 0, 0, 50, 250, 252, 252, 252, 252, 252, 253, 252, 252, 253, 253,
    253, 253, 253, 253, 253, 253, 253, 253, 251, 249, 104, 0, 0, 0, 0, 0, 0, 57, 250, 252,
    252, 252, 252, 252, 252, 252, 252, 252, 253, 253, 253, 253, 253, 253, 253, 253, 253, 252, 250, 106,
    0, 0, 0, 0, 0, 0, 79, 250, 252, 252, 252, 252, 253, 252, 252, 252, 252, 252, 252, 252,
    253, 253, 253, 253, 253, 253, 252, 250, 107, 0, 0, 0, 0, 0, 0, 79, 250, 253, 253, 253,
    253, 253, 252, 252, 252, 253, 253, 252, 253, 253, 253, 253, 254, 254, 254, 253, 250, 107, 0, 0,
    0, 0, 0, 0, 79, 250, 253, 253, 253, 253, 253, 253, 253, 253, 253, 253, 253, 253, 253, 253,
    253, 254, 254, 253, 252, 250, 108, 0, 0, 0, 0, 0, 0, 50, 249, 253, 253, 253, 253, 253,
    253, 253, 253, 253, 253, 253, 253, 253, 253, 253, 253, 253, 252, 252, 251, 109, 0, 0, 0, 0,
    0, 0, 48, 249, 253, 253, 253, 253, 253, 253, 253, 253, 253, 253, 253, 253, 253, 253, 253, 253,
    253, 252, 252, 250, 109, 0, 0, 0, 0, 0, 0, 48, 249, 253, 253, 253, 253, 253, 253, 253,
    253, 253, 253, 253, 253, 253, 253, 253, 253, 253, 252, 252, 250, 108, 0, 0, 0, 0, 0, 0,
    75, 249, 253, 253, 253, 253, 253, 253, 253, 253, 253, 253, 253, 253, 253, 253, 253, 253, 253, 253,
    252, 250, 109, 0, 0, 0, 0, 0, 0, 78, 249, 253, 253, 253, 253, 253, 253, 253, 253, 253,
    253, 253, 253, 253, 253, 253, 253, 253, 253, 252, 251, 110, 0, 0, 0, 0, 0, 0, 79, 250,
    253, 253, 253, 253, 253, 253, 253, 253, 253, 253, 253, 254, 254, 253, 253, 253, 253, 253, 252, 251,
    109, 0, 0, 0, 0, 0, 0, 80, 249, 253, 253, 253, 253, 253, 253, 253, 253, 253, 253, 254,
    254, 254, 253, 253, 253, 253, 253, 252, 250, 107, 0, 0, 0, 0, 0, 0, 80, 249, 253, 253,
    253, 253, 253, 253, 252, 252, 252, 252, 253, 253, 253, 253, 253, 253, 253, 253, 252, 249, 106, 0,
    0, 0, 0, 0, 0, 79, 249, 253, 253, 253, 253, 253, 252, 252, 252, 252, 252, 252, 253, 253,
    253, 253, 253, 253, 252, 251, 249, 107, 0, 0, 0, 0, 0, 0, 78, 247, 252, 253, 253, 253,
    253, 253, 252, 252, 252, 252, 252, 252, 253, 253, 253, 253, 253, 252, 251, 249, 108, 0, 0, 0,
    0, 0, 0, 79, 247, 252, 253, 253, 253, 253, 253, 252, 252, 252, 252, 252, 252, 253, 253, 253,
    253, 253, 252, 251, 249, 109, 0, 0, 0, 0, 0, 0, 84, 248, 252, 252, 253, 253, 253, 252,
    252, 252, 252, 252, 252, 252, 253, 253, 253, 253, 253, 252, 251, 249, 109, 0, 0, 0, 0, 0,
    0, 88, 249, 252, 252, 252, 253, 253, 252, 252, 252, 252, 252, 252, 253, 253, 253, 253, 253, 253,
    252, 251, 249, 109, 0, 0, 0, 0, 0, 0, 93, 249, 252, 253, 253, 253, 253, 253, 252, 252,
    252, 253, 253, 253, 253, 253, 253, 253, 253, 252, 251, 249, 107, 0, 0, 0, 0, 0, 0, 94,
    249, 252, 253, 253, 253, 253, 253, 252, 252, 252, 252, 253, 253, 253, 253, 253, 253, 253, 252, 251,
    249, 108, 0, 0, 0, 0, 0, 0, 91, 249, 252, 253, 253, 253, 253, 253, 253, 252, 251, 252,
    252, 253, 253, 253, 253, 253, 253, 253, 252, 250, 109, 0, 0, 0, 0, 0, 0, 92, 249, 252,
    253, 253, 253, 253, 253, 253, 252, 251, 251, 252, 253, 253, 253, 253, 253, 253, 253, 252, 251, 110,
    0, 0, 0, 0, 0, 0, 97, 249, 252, 253, 253, 253, 253, 253, 253, 252, 251, 252, 252, 253,
    253, 253, 253, 253, 253, 252, 251, 249, 108, 0, 0, 0, 0, 0, 0, 98, 249, 252, 253, 253,
    253, 253, 253, 253, 252, 252, 252, 252, 253, 253, 253, 253, 253, 253, 252, 251, 249, 107, 0, 0,
    0, 0, 0, 0, 98, 249, 252, 252, 253, 253, 253, 253, 253, 253, 253, 252, 253, 253, 253, 253,
    253, 253, 252, 252, 251, 249, 107, 0, 0, 0, 0, 0, 0, 102, 249, 252, 252, 253, 253, 253,
    253, 253, 253, 253, 253, 253, 253, 253, 253, 253, 253, 252, 252, 252, 250, 109, 0, 0, 0, 0,
    0, 0, 106, 249, 252, 252, 253, 253, 253, 253, 252, 253, 253, 253, 253, 253, 253, 253, 253, 252,
    252, 252, 252, 250, 109, 0, 0, 0, 0, 0, 0, 105, 250, 252, 252, 253, 253, 253, 253, 253,
    253, 253, 253, 253, 252, 253, 252, 252, 252, 252, 252, 251, 249, 108, 0, 0, 0, 0, 0, 0,
    106, 250, 252, 252, 252, 253, 253, 253, 253, 253, 253, 253, 252, 252, 252, 252, 252, 252, 252, 252,
    251, 248, 106, 0, 0, 0, 0, 0, 0, 107, 250, 252, 252, 253, 253, 253, 253, 253, 253, 253,
    253, 252, 252, 252, 252, 252, 252, 252, 252, 251, 248, 104, 0, 0, 0, 0, 0, 0, 108, 250,
    252, 252, 253, 253, 253, 253, 253, 253, 253, 253, 253, 252, 252, 253, 253, 253, 252, 252, 251, 248,
    104, 0, 0, 0, 0, 0, 0, 108, 250, 252, 252, 253, 253, 253, 253, 253, 253, 253, 253, 253,
    253, 253, 253, 253, 253, 253, 252, 251, 248, 106, 0, 0, 0, 0, 0, 0, 111, 250, 252, 253,
    253, 253, 253, 253, 253, 253, 253, 253, 253, 253, 253, 253, 253, 253, 253, 252, 251, 249, 107, 0,
    0, 0, 0, 0, 0, 130, 250, 252, 253, 253, 253, 253, 253, 253, 253, 253, 253, 253, 253, 253,
    253, 253, 253, 253, 253, 251, 249, 107, 0, 0, 0, 0, 0, 0, 111, 250, 253, 253, 253, 253,
    253, 253, 253, 253, 253, 253, 253, 253, 253, 253, 253, 253, 253, 253, 252, 249, 108, 0, 0, 0,
    0, 0, 0, 107, 250, 252, 253, 253, 253, 253, 253, 253, 253, 253, 253, 253, 253, 253, 253, 252,
    253, 252, 252, 252, 250, 110, 0, 0, 0, 0, 0, 0, 107, 250, 252, 253, 253, 253, 253, 253,
    253, 253, 253, 253, 253, 253, 253, 253, 252, 253, 252, 252, 251, 250, 110, 0, 0, 0, 0, 0,
    0, 118, 249, 252, 253, 253, 253, 252, 253, 253, 253, 253, 253, 253, 253, 253, 253, 253, 253, 252,
    252, 251, 250, 110, 0, 0, 0, 0, 0, 0, 135, 250, 252, 252, 252, 253, 252, 253, 253, 253,
    253, 253, 253, 253, 253, 253, 253, 253, 252, 252, 251, 250, 109, 0, 0, 0, 0, 0, 0, 138,
    250, 252, 252, 252, 253, 253, 253, 253, 253, 253, 253, 253, 253, 253, 253, 253, 253, 253, 252, 251,
    249, 107, 0, 0, 0, 0, 0, 0, 141, 250, 252, 253, 253, 253, 253, 253, 253, 253, 253, 253,
    253, 253, 253, 253, 253, 253, 253, 252, 251, 249, 107, 0, 0, 0, 0, 0, 0, 144, 250, 252,
    253, 253, 253, 253, 253, 253, 253, 253, 253, 253, 253, 253, 253, 253, 253, 253, 252, 252, 249, 107,
    0, 0, 0, 0, 0, 0, 143, 250, 253, 253, 253, 253, 253, 253, 253, 252, 253, 253, 253, 253,
    253, 253, 253, 253, 253, 252, 252, 250, 110, 0, 0, 0, 0, 0, 0, 141, 250, 253, 253, 252,
    252, 253, 253, 253, 253, 252, 253, 253, 253, 253, 253, 253, 253, 253, 252, 252, 250, 137, 0, 0,
    0, 0, 0, 0, 145, 250, 253, 253, 253, 253, 252, 253, 253, 252, 253, 253, 253, 253, 253, 253,
    253, 253, 253, 252, 252, 250, 139, 0, 0, 0, 0, 0, 0, 150, 250, 253, 253, 253, 253, 252,
    253, 253, 252, 253, 253, 253, 253, 253, 253, 253, 253, 253, 252, 251, 249, 139, 0, 0, 0, 0,
    0, 0, 153, 250, 252, 253, 253, 253, 252, 253, 253, 253, 252, 253, 253, 253, 253, 253, 253, 253,
    253, 252, 251, 248, 137, 0, 0, 0, 0, 0, 0, 155, 251, 252, 252, 252, 253, 252, 253, 253,
    253, 253, 253, 253, 253, 253, 252, 253, 253, 253, 252, 251, 249, 136, 0, 0, 0, 0, 0, 0,
    159, 251, 252, 252, 252, 252, 253, 252, 253, 253, 253, 253, 253, 253, 253, 253, 253, 253, 253, 253,
    251, 249, 138, 0, 0, 0, 0, 0, 0, 158, 251, 253, 253, 253, 253, 252, 252, 253, 253, 253,
    253, 253, 253, 253, 253, 253, 253, 253, 253, 252, 249, 140, 0, 0, 0, 0, 0, 0, 156, 250,
    252, 253, 253, 253, 253, 252, 252, 253, 253, 253, 253, 253, 253, 253, 253, 253, 253, 253, 251, 249,
    141, 0, 0, 0, 0, 0, 0, 158, 250, 252, 253, 253, 253, 253, 252, 252, 253, 253, 253, 253,
    253, 253, 253, 253, 253, 253, 252, 251, 250, 141, 0, 0, 0, 0, 0, 0, 163, 250, 252, 252,
    253, 253, 253, 252, 252, 253, 253, 252, 253, 253, 253, 253, 253, 253, 253, 253, 252, 250, 141, 0,
    0, 0, 0, 0, 0, 163, 250, 252, 252, 253, 253, 253, 253, 252, 253, 253, 252, 252, 253, 253,
    253, 253, 253, 253, 252, 251, 249, 141, 0, 0, 0, 0, 0, 0, 161, 250, 252, 252, 253, 253,
    253, 252, 252, 252, 252, 252, 252, 253, 253, 253, 253, 252, 252, 252, 251, 249, 140, 0, 0, 0,
    0, 0, 0, 161, 250, 252, 252, 253, 253, 253, 253, 252, 252, 252, 252, 252, 253, 253, 253, 252,
    252, 252, 252, 251, 249, 139, 0, 0, 0, 0, 0, 0, 162, 250, 252, 253, 253, 253, 253, 253,
    252, 252, 252, 252, 252, 253, 253, 253, 252, 252, 252, 252, 251, 248, 139, 0, 0, 0, 0, 0,
    0, 162, 250, 252, 253, 253, 253, 252, 253, 252, 252, 252, 252, 252, 253, 253, 253, 253, 252, 252,
    252, 251, 248, 140, 0, 0, 0, 0, 0, 0, 163, 250, 252, 253, 253, 253, 253, 253, 252, 252,
    252, 252, 253, 253, 253, 253, 253, 252, 252, 252, 251, 248, 140, 0, 0, 0, 0, 0, 0, 165,
    251, 252, 253, 253, 253, 252, 253, 253, 253, 253, 252, 253, 253, 253, 253, 253, 253, 252, 252, 251,
    249, 142, 0, 0, 0, 0, 0, 0, 167, 251, 252, 253, 253, 253, 252, 253, 253, 253, 253, 253,
    253, 253, 253, 253, 253, 253, 252, 252, 251, 249, 146, 0, 0, 0, 0, 0, 0, 166, 251, 252,
    253, 253, 253, 253, 253, 253, 253, 253, 253, 253, 253, 253, 253, 253, 253, 252, 252, 251, 249, 146,
    0, 0, 0, 0, 0, 0, 164, 251, 252, 253, 253, 253, 253, 253, 253, 254, 254, 254, 254, 253,
    253, 253, 253, 253, 253, 252, 251, 249, 147, 0, 0, 0, 0, 0, 0, 166, 251, 252, 253, 253,
    253, 253, 253, 253, 254, 254, 254, 254, 254, 253, 253, 253, 253, 253, 253, 251, 249, 149, 0, 0,
    0, 0, 0, 0, 182, 251, 252, 253, 253, 253, 253, 253, 253, 254, 254, 254, 254, 254, 253, 253,
    253, 253, 253, 253, 252, 250, 152, 0, 0, 0, 0, 0, 0, 193, 250, 252, 252, 252, 253, 253,
    253, 253, 253, 253, 253, 253, 253, 253, 253, 253, 253, 253, 253, 252, 251, 153, 0, 0, 0, 0,
    0, 0, 198, 250, 252, 252, 252, 253, 252, 253, 253, 253, 253, 252, 253, 253, 253, 253, 253, 253,
    253, 252, 252, 251, 153, 0, 0, 0, 0, 0, 0, 205, 250, 252, 252, 252, 253, 252, 253, 253,
    253, 253, 252, 253, 253, 253, 253, 253, 253, 253, 252, 252, 251, 149, 0, 0, 0, 0, 0, 0,
    205, 250, 252, 252, 252, 253, 253, 253, 253, 253, 253, 253, 253, 253, 253, 253, 253, 253, 252, 252,
    252, 250, 148, 0, 0, 0, 0, 0, 0, 200, 250, 251, 252, 252, 253, 253, 253, 253, 253, 253,
    253, 253, 253, 253, 253, 253, 253, 252, 252, 251, 250, 146, 0, 0, 0, 0, 0, 0, 201, 250,
    251, 252, 252, 253, 253, 252, 252, 253, 253, 253, 253, 253, 253, 253, 253, 253, 252, 252, 251, 250,
    145, 0, 0, 0, 0, 0, 0, 204, 250, 251, 252, 252, 252, 252, 252, 252, 252, 253, 253, 253,
    253, 253, 253, 253, 252, 252, 252, 251, 249, 145, 0, 0, 0, 0, 0, 0, 207, 250, 252, 252,
    253, 253, 252, 252, 252, 252, 253, 253, 253, 253, 253, 253, 253, 253, 252, 252, 251, 248, 145, 0,
    0, 0, 0, 0, 0, 208, 251, 252, 253, 253, 253, 253, 253, 252, 252, 252, 253, 253, 253, 253,
    253, 253, 253, 253, 252, 251, 249, 146, 0, 0, 0, 0, 0, 0, 212, 251, 252, 253, 253, 253,
    253, 253, 253, 253, 253, 253, 253, 253, 253, 253, 253, 253, 253, 252, 251, 249, 146, 0, 0, 0,
    0, 0, 0, 214, 251, 252, 253, 253, 253, 253, 253, 253, 253, 253, 253, 253, 253, 253, 253, 253,
    253, 253, 252, 251, 248, 148, 0, 0, 0, 0, 0, 0, 213, 251, 252, 253, 253, 253, 253, 253,
    253, 253, 253, 253, 253, 253, 253, 253, 253, 253, 253, 252, 251, 248, 148, 0, 0, 0, 0, 0,
    0, 214, 251, 252, 253, 253, 253, 253, 253, 253, 253, 253, 253, 253, 253, 253, 253, 253, 253, 253,
    252, 251, 248, 148, 0, 0, 0, 0, 0, 0, 217, 251, 252, 253, 253, 253, 253, 253, 253, 253,
    253, 253, 253, 253, 253, 253, 253, 253, 253, 252, 250, 248, 147, 0, 0, 0, 0, 0, 0, 218,
    251, 252, 252, 253, 253, 253, 253, 253, 253, 253, 253, 253, 253, 253, 253, 253, 253, 253, 252, 250,
    247, 150, 0, 0, 0, 0, 0, 0, 219, 251, 251, 252, 252, 253, 253, 253, 253, 253, 253, 253,
    253, 253, 253, 253, 253, 253, 253, 252, 251, 248, 152, 0, 0, 0, 0, 0, 0, 220, 250, 251,
    251, 252, 253, 253, 253, 253, 253, 253, 253, 253, 253, 253, 253, 253, 253, 252, 252, 251, 249, 154,
    0, 0, 0, 0, 0, 0, 223, 251, 251, 252, 252, 252, 253, 253, 253, 253, 253, 253, 253, 253,
    253, 253, 253, 253, 252, 252, 251, 248, 154, 0, 0, 0, 0, 0, 0, 222, 251, 252, 252, 252,
    252, 253, 253, 253, 253, 253, 253, 253, 253, 253, 253, 253, 253, 252, 252, 251, 249, 155, 0, 0,
    0, 0, 0, 0, 219, 251, 252, 252, 253, 253, 253, 253, 253, 253, 253, 253, 253, 253, 253, 253,
    253, 253, 252, 252, 251, 251, 158, 0, 0, 0, 0, 0, 0, 218, 252, 252, 253, 253, 253, 253,
    253, 253, 253, 253, 253, 253, 253, 253, 253, 253, 253, 252, 252, 252, 252, 159, 0, 0, 0, 0,
    0, 0, 222, 252, 253, 253, 253, 253, 253, 253, 253, 253, 252, 252, 252, 253, 253, 253, 253, 253,
    252, 252, 252, 251, 160, 0, 0, 0, 0, 0, 0, 221, 252, 253, 253, 253, 253, 253, 253, 253,
    252, 252, 252, 252, 253, 253, 253, 253, 253, 253, 252, 252, 251, 159, 0, 0, 0, 0, 0, 0,
    221, 252, 253, 253, 253, 253, 253, 253, 253, 253, 252, 252, 252, 253, 253, 253, 253, 253, 253, 253,
    252, 251, 158, 0, 0, 0, 0, 0, 0, 221, 252, 253, 253, 253, 252, 252, 252, 252, 253, 253,
    252, 252, 253, 253, 253, 253, 253, 253, 253, 252, 251, 158, 0, 0, 0, 0, 0, 0, 222, 251,
    252, 253, 253, 253, 253, 253, 253, 253, 253, 253, 253, 253, 253, 253, 253, 253, 253, 253, 252, 250,
    158, 0, 0, 0, 0, 0, 0, 220, 251, 252, 253, 253, 253, 253, 253, 253, 253, 253, 253, 253,
    253, 253, 253, 253, 253, 253, 253, 251, 249, 156, 0, 0, 0, 0, 0, 0, 221, 251, 252, 252,
    252, 253, 253, 253, 253, 253, 253, 253, 253, 253, 253, 253, 253, 253, 253, 253, 251, 247, 150, 0,
    0, 0, 0, 0, 0, 226, 251, 252, 252, 252, 253, 253, 253, 253, 253, 253, 253, 253, 253, 253,
    253, 253, 253, 253, 253, 251, 247, 148, 0, 0, 0, 0, 0, 0, 228, 252, 252, 252, 253, 253,
    253, 253, 253, 253, 252, 253, 253, 253, 253, 253, 253, 253, 253, 253, 251, 247, 149, 0, 0, 0,
    0, 0, 0, 223, 251, 252, 252, 252, 253, 253, 253, 253, 252, 252, 252, 253, 253, 253, 253, 253,
    253, 253, 252, 252, 250, 148, 0, 0, 0, 0, 0, 0, 163, 251, 252, 252, 253, 253, 253, 253,
    253, 252, 252, 252, 253, 253, 253, 253, 253, 253, 253, 252, 252, 247, 59, 0, 0, 0, 0, 0,
    0, 22, 215, 253, 253, 253, 253, 253, 253, 253, 252, 252, 252, 253, 253, 253, 253, 253, 253, 253,
    252, 250, 111, 0, 0, 0, 0, 0, 0, 0, 0, 58, 247, 253, 253, 253, 253, 253, 253, 253,
    252, 253, 253, 253, 253, 253, 253, 253, 252, 252, 139, 1, 0, 0, 0, 0, 0, 0, 0, 0,
    0, 125, 251, 252, 253, 253, 253, 253, 253, 253, 252, 253, 253, 253, 253, 252, 252, 251, 196, 6,
    0, 0, 0, 0, 0, 0, 0, 0, 0, 0, 24, 237, 252, 253, 253, 253, 253, 253, 253, 253,
    253, 253, 253, 253, 252, 252, 250, 86, 0, 0, 0, 0, 0, 0, 0, 0, 0, 0, 0, 0,
    177, 251, 253, 253, 253, 253, 253, 253, 253, 253, 253, 253, 253, 252, 252, 246, 30, 0, 0, 0,
    0, 0, 0, 0, 0, 0, 0, 0, 0, 133, 251, 253, 253, 253, 253, 253, 253, 253, 253, 253,
    253, 253, 252, 252, 242, 26, 0, 0, 0, 0, 0, 0, 0, 0, 0, 0, 0, 0, 126, 251,
    253, 253, 253, 253, 253, 253, 253, 253, 253, 253, 253, 252, 251, 245, 30, 0, 0, 0, 0, 0,
    0, 0, 0, 0, 0, 0, 0, 130, 251, 253, 253, 253, 253, 253, 253, 253, 253, 253, 253, 253,
    252, 251, 248, 51, 0, 0, 0, 0, 0, 0, 0, 0, 0, 0, 0, 0, 155, 251, 253, 253,
    253, 253, 253, 253, 253, 253, 253, 253, 253, 253, 252, 250, 107, 0, 0, 0, 0, 0, 0, 0,
    0, 0, 0, 0, 5, 215, 252, 253, 253, 253, 253, 253, 253, 253, 253, 253, 253, 253, 253, 252,
    252, 199, 6, 0, 0, 0, 0, 0, 0, 0, 0, 0, 0, 90, 251, 252, 252, 253, 253, 253,
    253, 253, 253, 253, 253, 253, 253, 253, 253, 253, 253, 127, 1, 0, 0, 0, 0, 0, 0, 0,
    0, 68, 238, 252, 252, 253, 253, 253, 253, 253, 253, 253, 253, 253, 253, 253, 253, 253, 253, 253,
    248, 105, 0, 0, 0, 0, 0, 0, 0, 58, 243, 252, 252, 252, 253, 253, 253, 253, 253, 253,
    253, 253, 253, 253, 253, 253, 253, 253, 253, 251, 241, 80, 0, 0, 0, 0, 0, 32, 224, 252,
    252, 252, 252, 253, 253, 253, 253, 253, 253, 253, 253, 253, 253, 253, 253, 253, 253, 253, 252, 251,
    240, 62, 0, 0, 0, 3, 180, 250, 252, 252, 252, 252, 252, 252, 252, 252, 252, 252, 253, 252,
    252, 253, 253, 253, 253, 253, 253, 253, 252, 251, 209, 8, 0, 0, 74, 248, 251, 252, 252, 252,
    252, 252, 252, 252, 251, 249, 234, 226, 241, 251, 252, 253, 253, 253, 253, 253, 253, 252, 252, 250,
    81, 0, 3, 197, 251, 252, 252, 253, 253, 252, 252, 252, 246, 164, 53, 0, 0, 7, 73, 189,
    250, 252, 253, 253, 253, 253, 252, 252, 252, 179, 1, 60, 250, 252, 252, 252, 253, 253, 253, 252,
    227, 64, 0, 0, 0, 0, 0, 0, 2, 92, 240, 252, 253, 253, 253, 253, 253, 252, 247, 50,
    132, 252, 252, 252, 253, 253, 253, 253, 246, 63, 0, 0, 0, 0, 0, 0, 0, 0, 0, 104,
    251, 253, 253, 253, 253, 253, 252, 251, 130, 178, 253, 253, 253, 253, 252, 253, 253, 167, 0, 0,
    0, 0, 0, 0, 0, 0, 0, 0, 6, 215, 253, 253, 253, 253, 253, 252, 251, 177, 208, 253,
    253, 253, 253, 252, 252, 252, 85, 0, 0, 0, 0, 0, 0, 0, 0, 0, 0, 0, 131, 252,
    253, 253, 253, 252, 252, 251, 216, 235, 253, 253, 253, 253, 252, 252, 251, 38, 0, 0, 0, 0,
    0, 0, 0, 0, 0, 0, 0, 80, 251, 253, 253, 253, 252, 252, 251, 235, 236, 253, 253, 253,
    253, 253, 252, 251, 35, 0, 0, 0, 0, 0, 0, 0, 0, 0, 0, 0, 75, 251, 253, 253,
    253, 253, 252, 251, 233, 209, 253, 253, 253, 253, 253, 253, 252, 59, 0, 0, 0, 0, 0, 0,
    0, 0, 0, 0, 0, 112, 251, 253, 253, 253, 253, 253, 252, 201, 174, 252, 253, 253, 253, 253,
    253, 252, 149, 0, 0, 0, 0, 0, 0, 0, 0, 0, 0, 0, 189, 252, 253, 253, 253, 253,
    253, 252, 164, 122, 252, 252, 252, 253, 253, 253, 253, 244, 51, 0, 0, 0, 0, 0, 0, 0,
    0, 0, 70, 248, 252, 253, 253, 254, 254, 253, 252, 107, 45, 250, 252, 252, 253, 253, 253, 253,
    251, 213, 30, 0, 0, 0, 0, 0, 0, 0, 40, 221, 252, 252, 253, 254, 254, 253, 253, 240,
    22, 3, 200, 252, 252, 253, 253, 253, 253, 252, 250, 225, 104, 12, 0, 0, 0, 19, 116, 236,
    252, 253, 253, 253, 253, 253, 253, 253, 158, 0, 0, 79, 250, 252, 253, 253, 253, 253, 252, 252,
    252, 251, 229, 171, 158, 181, 235, 251, 252, 253, 253, 253, 253, 253, 253, 252, 245, 51, 0, 0,
    4, 178, 251, 253, 253, 254, 254, 253, 253, 253, 253, 253, 253, 252, 252, 253, 253, 253, 253, 254,
    253, 253, 253, 252, 251, 144, 0, 0, 0, 0, 29, 225, 252, 253, 254, 254, 253, 253, 253, 253,
    253, 253, 253, 253, 253, 253, 253, 253, 253, 253, 253, 252, 251, 203, 18, 0, 0, 0, 0, 0,
    51, 235, 253, 254, 254, 253, 253, 253, 253, 253, 253, 253, 253, 253, 253, 253, 252, 252, 252, 252,
    252, 222, 40, 0, 0, 0, 0, 0, 0, 0, 51, 226, 252, 252, 252, 252, 253, 253, 253, 253,
    253, 253, 253, 252, 252, 251, 251, 251, 251, 204, 24, 0, 0, 0, 0, 0, 0, 0, 0, 0,
    21, 172, 246, 250, 251, 252, 253, 252, 252, 253, 252, 252, 252, 251, 250, 249, 246, 159, 16, 0,
    0, 0, 0, 0, 0, 0, 0, 0, 0, 0, 3, 71, 188, 247, 251, 252, 252, 252, 252, 252,
    252, 251, 250, 248, 188, 70, 3, 0, 0, 0, 0, 0, 0, 0, 0, 0, 0, 0, 0, 0,
    0, 3, 41, 123, 183, 228, 242, 247, 241, 208, 175, 127, 54, 3, 0, 0, 0, 0, 0, 0,
    0, 0,
};

const uint16_t MINUTE_RGB[] PROGMEM = {
    0x0000, 0x0000, 0x0000, 0x0000, 0x0000, 0x0000, 0x0000, 0x0000, 0x0000, 0x0000, 0x1081, 0x3164,
    0x3986, 0x18C2, 0x0000, 0x0000, 0x0000, 0x0000, 0x0000, 0x0000, 0x0000, 0x0000, 0x0000, 0x0000,
    0x0000, 0x0000, 0x0000, 0x0000, 0x0000, 0x0000, 0x0000, 0x0000, 0x0000, 0x0000, 0x2903, 0x7BAD,
    0xA4F2, 0x2923, 0x18A2, 0x0000, 0x0000, 0x0000, 0x0000, 0x0000, 0x0000, 0x0000, 0x0000, 0x0000,
    0x0000, 0x0000, 0x0000, 0x0000, 0x0000, 0x0000, 0x0000, 0x0000, 0x0000, 0x0020, 0x20E3, 0x62CA,
    0x8C0F, 0x20C2, 0x18C2, 0x0000, 0x0000, 0x0000, 0x0000, 0x0000, 0x0000, 0x0000, 0x0000, 0x0000,
    0x0000, 0x0000, 0x0000, 0x0000, 0x0000, 0x0000, 0x0000, 0x0000, 0x0000, 0x0020, 0x20C2, 0x62CA,
    0x8C50, 0x2903, 0x18A2, 0x0000, 0x0000, 0x0000, 0x0000, 0x0000, 0x0000, 0x0000, 0x0000, 0x0000,
    0x0000, 0x0000, 0x0000, 0x0000, 0x0000, 0x0000, 0x0000, 0x0000, 0x0000, 0x0020, 0x20E3, 0x62EB,
    0x8C50, 0x2944, 0x18A1, 0x0000, 0x0000, 0x0000, 0x0000, 0x0000, 0x0000, 0x0000, 0x0000, 0x0000,
    0x0000, 0x0000, 0x0000, 0x0000, 0x0000, 0x0000, 0x0000, 0x0000, 0x0000, 0x0861, 0x2903, 0x62CA,
    0x9471, 0x2924, 0x18A1, 0x0000, 0x0000, 0x0000, 0x0000, 0x0000, 0x0000, 0x0000, 0x0000, 0x0000,
    0x0000, 0x0000, 0x0000, 0x0000, 0x0000, 0x0000, 0x0000, 0x0000, 0x0000, 0x18C2, 0x2103, 0x5289,
    0x8C2F, 0x2903, 0x18C2, 0x0000, 0x0000, 0x0000, 0x0000, 0x0000, 0x0000, 0x0000, 0x0000, 0x0000,
    0x0000, 0x0000, 0x0000, 0x0000, 0x0000, 0x0000, 0x0000, 0x0000, 0x0000, 0x10A2, 0x2944, 0x5269,
    0x9470, 0x3164, 0x18C2, 0x0000, 0x0000, 0x0000, 0x0000, 0x0000, 0x0000, 0x0000, 0x0000, 0x0000,
    0x0000, 0x0000, 0x0000, 0x0000, 0x0000, 0x0000, 0x0000, 0x0000, 0x0000, 0x10A2, 0x2103, 0x5AAA,
    0x9CB1, 0x3184, 0x18A2, 0x0000, 0x0000, 0x0000, 0x0000, 0x0000, 0x0000, 0x0000, 0x0000, 0x0000,
    0x0000, 0x0000, 0x0000, 0x0000, 0x0000, 0x0000, 0x0000, 0x0000, 0x0000, 0x0861, 0x3144, 0x5AAA,
    0x9C91, 0x3985, 0x18C2, 0x0000, 0x0000, 0x0000, 0x0000, 0x0000, 0x0000, 0x0000, 0x0000, 0x0000,
    0x0000, 0x0000, 0x0000, 0x0000, 0x0000, 0x0000, 0x0000, 0x0000, 0x0000, 0x0861, 0x2923, 0x62AA,
    0x9C91, 0x3144, 0x18C2, 0x0000, 0x0000, 0x0000, 0x0000, 0x0000, 0x0000, 0x0000, 0x0000, 0x0000,
    0x0000, 0x0000, 0x0000, 0x0000, 0x0000, 0x0000, 0x0000, 0x0000, 0x0000, 0x1082, 0x2923, 0x62CA,
    0xA4F3, 0x3164, 0x18C2, 0x0000, 0x0000, 0x0000, 0x0000, 0x0000, 0x0000, 0x0000, 0x0000, 0x0000,
    0x0000, 0x0000, 0x0000, 0x0000, 0x0000, 0x0000, 0x0000, 0x0000, 0x0000, 0x18C2, 0x2944, 0x62CA,
    0x9470, 0x3164, 0x20E2, 0x0020, 0x0000, 0x0000, 0x0000, 0x0000, 0x0000, 0x0000, 0x0000, 0x0000,
    0x0000, 0x0000, 0x0000, 0x0000, 0x0000, 0x0000, 0x0000, 0x0000, 0x0000, 0x18C3, 0x2944, 0x5AAA,
    0x9471, 0x3144, 0x20C1, 0x0020, 0x0000, 0x0000, 0x0000, 0x0000, 0x0000, 0x0000, 0x0000, 0x0000,
    0x0000, 0x0000, 0x0000, 0x0000, 0x0000, 0x0000, 0x0000, 0x0000, 0x0000, 0x20E3, 0x3144, 0x5269,
    0x9C91, 0x3985, 0x18A2, 0x0000, 0x0000, 0x0000, 0x0000, 0x0000, 0x0000, 0x0000, 0x0000, 0x0000,
    0x0000, 0x0000, 0x0000, 0x0000, 0x0000, 0x0000, 0x0000, 0x0000, 0x0000, 0x18C2, 0x3144, 0x62EB,
    0xA4D2, 0x3985, 0x18A2, 0x0000, 0x0000, 0x0000, 0x0000, 0x0000, 0x0000, 0x0000, 0x0000, 0x0000,
    0x0000, 0x0000, 0x0000, 0x0000, 0x0000, 0x0000, 0x0000, 0x0000, 0x0000, 0x18C2, 0x3165, 0x6B0B,
    0x9C91, 0x2924, 0x18C2, 0x0020, 0x0000, 0x0000, 0x0000, 0x0000, 0x0000, 0x0000, 0x0000, 0x0000,
    0x0000, 0x0000, 0x0000, 0x0000, 0x0000, 0x0000, 0x0000, 0x0000, 0x0000, 0x3185, 0x2944, 0x5269,
    0x9450, 0x3985, 0x18C2, 0x0841, 0x0000, 0x0000, 0x0000, 0x0000, 0x0000, 0x0000, 0x0000, 0x0000,
    0x0000, 0x0000, 0x0000, 0x0000, 0x0000, 0x0000, 0x0000, 0x0000, 0x0000, 0x2924, 0x2944, 0x734C,
    0x9CB1, 0x3985, 0x20C2, 0x0861, 0x0000, 0x0000, 0x0000, 0x0000, 0x0000, 0x0000, 0x0000, 0x0000,
    0x0000, 0x0000, 0x0000, 0x0000, 0x0000, 0x0000, 0x0000, 0x0000, 0x0000, 0x2103, 0x3185, 0xA4D2,
    0x9470, 0x3985, 0x18A2, 0x0861, 0x0000, 0x0000, 0x0000, 0x0000, 0x0000, 0x0000, 0x0000, 0x0000,
    0x0000, 0x0000, 0x0000, 0x0000, 0x0000, 0x0000, 0x0000, 0x0000, 0x0000, 0x2103, 0x3185, 0x9C91,
    0x83EF, 0x39A5, 0x18C2, 0x0861, 0x0000, 0x0000, 0x0000, 0x0000, 0x0000, 0x0000, 0x0000, 0x0000,
    0x0000, 0x0000, 0x0000, 0x0000, 0x0000, 0x0000, 0x0000, 0x0000, 0x1082, 0x3185, 0x39C6, 0xEF1B,
    0x8C0F, 0x3185, 0x18C2, 0x18C2, 0x0000, 0x0000, 0x0000, 0x0000, 0x0000, 0x0000, 0x0000, 0x0000,
    0x0000, 0x0000, 0x0000, 0x0000, 0x0000, 0x0000, 0x0020, 0x18E2, 0x31A5, 0x4207, 0x5AA9, 0xE6FA,
    0x8BEF, 0x39A5, 0x2123, 0x2943, 0x2103, 0x0020, 0x0000, 0x0000, 0x0000, 0x0000, 0x0000, 0x0000,
    0x0000, 0x0000, 0x0000, 0x0000, 0x0000, 0x1081, 0x39A4, 0x3164, 0x20E2, 0x39A5, 0x4A27, 0xA4F2,
    0x7B8C, 0x2964, 0x2123, 0x1903, 0x2103, 0x2923, 0x10A2, 0x0000, 0x0000, 0x0000, 0x0000, 0x0000,
    0x0000, 0x0000, 0x0000, 0x0000, 0x1082, 0x62A8, 0x5226, 0x5226, 0x3163, 0x3164, 0x5289, 0x5A69,
    0x3164, 0x4207, 0x2923, 0x20E2, 0x2923, 0x3143, 0x49E5, 0x1061, 0x0000, 0x0000, 0x0000, 0x0000,
    0x0000, 0x0000, 0x0000, 0x0820, 0x5246, 0x5247, 0x730A, 0x7B6B, 0x734B, 0x3164, 0x2923, 0x41A5,
    0x41C6, 0x2923, 0x49E6, 0x5A68, 0x3123, 0x3143, 0x3984, 0x3123, 0x1061, 0x0000, 0x0000, 0x0000,
    0x0000, 0x0000, 0x0000, 0x1081, 0x20A0, 0x3123, 0x9C50, 0xD617, 0x838C, 0x3184, 0x3122, 0x6287,
    0x41A4, 0x5245, 0x5A04, 0x5183, 0x6246, 0x6AE9, 0x3123, 0x1860, 0x1881, 0x0000, 0x0000, 0x0000,
    0x0000, 0x0000, 0x0000, 0x1060, 0x28C0, 0x20A0, 0x3964, 0x72EA, 0x4184, 0x3922, 0x6224, 0x6A64,
    0x6A85, 0x59C3, 0x51C2, 0x4182, 0x4983, 0x2902, 0x1880, 0x1880, 0x18A0, 0x0000, 0x0000, 0x0000,
    0x0000, 0x0000, 0x0000, 0x1060, 0x28E0, 0x28E0, 0x2901, 0x5A27, 0x5204, 0xAC4A, 0xC4EB, 0xE5EE,
    0xDDAD, 0xB469, 0xB449, 0x51A2, 0x3923, 0x20E1, 0x28E1, 0x20A0, 0x20A0, 0x0000, 0x0000, 0x0000,
    0x0000, 0x0000, 0x0000, 0x1860, 0x30E1, 0x3101, 0x3121, 0x51E4, 0x6A84, 0xDDCE, 0xFEF2, 0xF6D1,
    0xF6B0, 0xF6B0, 0xEE0E, 0x8305, 0x3922, 0x20A0, 0x28C1, 0x28E1, 0x20A0, 0x0000, 0x0000, 0x0000,
    0x0000, 0x0000, 0x0000, 0x1880, 0x3100, 0x3921, 0x30E0, 0x6266, 0x9387, 0xD5AC, 0xF6B0, 0xEE4F,
    0xF6B0, 0xFED1, 0xDD8C, 0x9BA6, 0x3921, 0x30E1, 0x28C0, 0x2901, 0x18A0, 0x0000, 0x0000, 0x0000,
    0x0000, 0x0000, 0x0000, 0x1880, 0x3921, 0x3921, 0x4162, 0x3901, 0x7AA4, 0xEE4F, 0xF6B0, 0xF6B0,
    0xF690, 0xF66F, 0xE5EC, 0xC4A9, 0x38E0, 0x3921, 0x30E1, 0x28E1, 0x20A0, 0x0000, 0x0000, 0x0000,
    0x0000, 0x0000, 0x0000, 0x1860, 0x3100, 0x3920, 0x4982, 0x4961, 0x9BA7, 0xF690, 0xF6B1, 0xF6B1,
    0xF66F, 0xEE2E, 0xEDED, 0xBC48, 0x51A2, 0x6223, 0x28C1, 0x28E1, 0x20A0, 0x0000, 0x0000, 0x0000,
    0x0000, 0x0000, 0x0000, 0x1880, 0x3100, 0x3920, 0x4961, 0x51A2, 0xA3C7, 0xF690, 0xF6B1, 0xFEF2,
    0xF6B0, 0xEE4E, 0xF64E, 0xC489, 0x5161, 0x59E2, 0x28C1, 0x2901, 0x28C0, 0x0000, 0x0000, 0x0000,
    0x0000, 0x0000, 0x0000, 0x1880, 0x3920, 0x3920, 0x4981, 0x59C3, 0xABE8, 0xEE4F, 0xF6B0, 0xF6D1,
    0xEE90, 0xF6B0, 0xF64F, 0xC489, 0x5161, 0x4961, 0x28E1, 0x3100, 0x28A0, 0x0000, 0x0000, 0x0000,
    0x0000, 0x0000, 0x0000, 0x20A0, 0x3920, 0x3920, 0x5182, 0x4962, 0x9B65, 0xF68F, 0xEEAF, 0xFEF2,
    0xF6D2, 0xFEF2, 0xF670, 0xBC27, 0x5982, 0x4982, 0x28E1, 0x3101, 0x28C0, 0x0000, 0x0000, 0x0000,
    0x0000, 0x0000, 0x0000, 0x1880, 0x3900, 0x3900, 0x5181, 0x5162, 0xBC48, 0xF68F, 0xF6D0, 0xF6F2,
    0xF6B1, 0xF6B0, 0xF64F, 0xC448, 0x5981, 0x4182, 0x3101, 0x30E1, 0x28C1, 0x0000, 0x0000, 0x0000,
    0x0000, 0x0000, 0x0000, 0x1880, 0x3900, 0x4120, 0x6A62, 0x7283, 0xB427, 0xF690, 0xF6B0, 0xF6B0,
    0xEE8F, 0xEE6F, 0xEE4E, 0xCCC9, 0x59A1, 0x51E4, 0x3101, 0x30C0, 0x28A0, 0x0000, 0x0000, 0x0000,
    0x0000, 0x0000, 0x0000, 0x1880, 0x3921, 0x3900, 0x6A42, 0x61E2, 0xBC68, 0xF66F, 0xF6B0, 0xF6B0,
    0xF68F, 0xF68F, 0xF68F, 0xC488, 0x61C1, 0x4983, 0x28E0, 0x28C0, 0x20A0, 0x0000, 0x0000, 0x0000,
    0x0000, 0x0000, 0x0000, 0x1880, 0x3920, 0x4120, 0x6A43, 0x6A22, 0xBC68, 0xF670, 0xF6D2, 0xF6B1,
    0xF6B0, 0xF690, 0xF690, 0xCCC9, 0x61A1, 0x51C3, 0x28C0, 0x28C0, 0x20A0, 0x0000, 0x0000, 0x0000,
    0x0000, 0x0000, 0x0000, 0x1880, 0x3921, 0x3920, 0x82E4, 0x6A02, 0xBCA9, 0xE64F, 0xF6D1, 0xEEB0,
    0xF6D1, 0xF6B0, 0xF64E, 0xC468, 0x5981, 0x51C3, 0x3921, 0x28C0, 0x20A0, 0x0000, 0x0000, 0x0000,
    0x0000, 0x0000, 0x0000, 0x1880, 0x3900, 0x4141, 0x7242, 0x61C1, 0xB447, 0xF670, 0xF6D2, 0xF6D1,
    0xFED2, 0xF690, 0xF64F, 0xC487, 0x59A1, 0x51C3, 0x3921, 0x28C0, 0x20A0, 0x0000, 0x0000, 0x0000,
    0x0000, 0x0000, 0x0000, 0x1880, 0x3900, 0x3900, 0x7A83, 0x61E1, 0xBCC9, 0xF670, 0xF6F2, 0xF6B0,
    0xF6D2, 0xF6B0, 0xF66F, 0xD50A, 0x59A1, 0x51C3, 0x3101, 0x28C0, 0x2080, 0x0000, 0x0000, 0x0000,
    0x0000, 0x0000, 0x0000, 0x2080, 0x3900, 0x3900, 0x7A83, 0x7242, 0xBC89, 0xEE70, 0xF6D2, 0xF6F1,
    0xFEF1, 0xF6B1, 0xEE4E, 0xCCC9, 0x69E1, 0x4182, 0x30C1, 0x28C0, 0x20A0, 0x0000, 0x0000, 0x0000,
    0x0000, 0x0000, 0x0000, 0x2080, 0x3900, 0x3900, 0x6A42, 0x7262, 0xB448, 0xF690, 0xEEB0, 0xF6D1,
    0xF6B0, 0xF6B1, 0xF66F, 0xDD4B, 0x69E2, 0x4983, 0x30E1, 0x28E0, 0x28C0, 0x0000, 0x0000, 0x0000,
    0x0000, 0x0000, 0x0000, 0x1880, 0x3900, 0x3900, 0x59E2, 0x59A1, 0xBC69, 0xEE70, 0xF6B1, 0xFF13,
    0xF6D1, 0xFEF3, 0xF68F, 0xD50A, 0x5981, 0x4183, 0x30E1, 0x30E1, 0x20A0, 0x0000, 0x0000, 0x0000,
    0x0000, 0x0000, 0x0000, 0x1880, 0x3920, 0x4141, 0x59E2, 0x59C2, 0xBC69, 0xF6B2, 0xFF15, 0xF6D2,
    0xF6D1, 0xFEF2, 0xEE6F, 0xCCEA, 0x61C2, 0x4982, 0x30E0, 0x30E1, 0x20A0, 0x0000, 0x0000, 0x0000,
    0x0000, 0x0000, 0x0000, 0x1880, 0x3900, 0x4141, 0x5182, 0x5161, 0xB408, 0xE650, 0xF734, 0xF6D2,
    0xF6D2, 0xF6F1, 0xF6B0, 0xD50A, 0x61A1, 0x59C2, 0x3921, 0x30E1, 0x28C1, 0x0000, 0x0000, 0x0000,
    0x0000, 0x0000, 0x0000, 0x1880, 0x3900, 0x4120, 0x4962, 0x4120, 0xB428, 0xF6D2, 0xF713, 0xF6F3,
    0xF6D2, 0xEEB0, 0xEE6F, 0xD4EA, 0x69C1, 0x59C2, 0x3901, 0x30E1, 0x28C0, 0x0000, 0x0000, 0x0000,
    0x0000, 0x0000, 0x0000, 0x1880, 0x3900, 0x3920, 0x4982, 0x4961, 0xC4AA, 0xEE91, 0xF713, 0xEEB1,
    0xF6D2, 0xEE70, 0xF6B0, 0xC469, 0x7A63, 0x59C2, 0x30E1, 0x30E1, 0x28C0, 0x0000, 0x0000, 0x0000,
    0x0000, 0x0000, 0x0000, 0x1880, 0x3900, 0x38E0, 0x4962, 0x4921, 0xC489, 0xEE6F, 0xF6D2, 0xF6D2,
    0xF6D1, 0xF6B1, 0xF6B1, 0xCCEA, 0x6A02, 0x51A1, 0x30E1, 0x30C0, 0x28A0, 0x0000, 0x0000, 0x0000,
    0x0000, 0x0000, 0x0000, 0x1880, 0x3921, 0x38E0, 0x4141, 0x5182, 0xC488, 0xEE8F, 0xF712, 0xF6F2,
    0xF6F2, 0xF6F2, 0xF6B1, 0xD54B, 0x61C1, 0x6A23, 0x3901, 0x30E1, 0x28A0, 0x0000, 0x0000, 0x0000,
    0x0000, 0x0000, 0x0000, 0x1880, 0x3900, 0x3900, 0x4982, 0x51A2, 0xCCC9, 0xEE6F, 0xF6D1, 0xF6D1,
    0xFF14, 0xF6F3, 0xF6B1, 0xCCE9, 0x61C1, 0x5181, 0x38E0, 0x28E1, 0x28C0, 0x0000, 0x0000, 0x0000,
    0x0000, 0x0000, 0x0000, 0x1880, 0x3901, 0x3901, 0x4142, 0x4941, 0xC4A9, 0xEEB0, 0xFF34, 0xF6D2,
    0xF714, 0xF6B1, 0xF690, 0xD509, 0x8282, 0x6202, 0x38E0, 0x28E0, 0x28C0, 0x0000, 0x0000, 0x0000,
    0x0000, 0x0000, 0x0000, 0x1880, 0x3900, 0x3901, 0x4142, 0x4961, 0xCD0A, 0xF6D1, 0xF713, 0xF6D1,
    0xF6F2, 0xF6D2, 0xF690, 0xD4E8, 0x7A01, 0x7244, 0x3901, 0x28E0, 0x28A0, 0x0000, 0x0000, 0x0000,
    0x0000, 0x0000, 0x0000, 0x1880, 0x3900, 0x30E0, 0x4981, 0x5181, 0xC4A9, 0xEE90, 0xF6F2, 0xF6F2,
    0xF6D2, 0xEEB0, 0xFEB1, 0xD509, 0x7A01, 0x6A03, 0x3901, 0x28E0, 0x20A0, 0x0000, 0x0000, 0x0000,
    0x0000, 0x0000, 0x0000, 0x1880, 0x3900, 0x3900, 0x51A1, 0x61E2, 0xC4A9, 0xFEF1, 0xF712, 0xF6F2,
    0xF6F3, 0xF6F3, 0xF691, 0xC4A9, 0x7A22, 0x4981, 0x3101, 0x30C0, 0x28C0, 0x0000, 0x0000, 0x0000,
    0x0000, 0x0000, 0x0000, 0x2080, 0x3901, 0x3921, 0x51A1, 0x59A1, 0xA3A5, 0xF690, 0xF6D1, 0xF6F2,
    0xFF14, 0xF714, 0xF691, 0xDD6C, 0x71C1, 0x4961, 0x3101, 0x30C0, 0x28C0, 0x0000, 0x0000, 0x0000,
    0x0000, 0x0000, 0x0000, 0x1880, 0x3100, 0x30C0, 0x4920, 0x5161, 0xBC69, 0xF6B0, 0xFF13, 0xF6F2,
    0xF6D3, 0xEE91, 0xF6B0, 0xD4E9, 0x71E2, 0x51C2, 0x3921, 0x28C0, 0x28A0, 0x0000, 0x0000, 0x0000,
    0x0000, 0x0000, 0x0000, 0x20A0, 0x3100, 0x30E0, 0x51C2, 0x59A1, 0xC489, 0xF6B1, 0xF6D2, 0xEEB0,
    0xF6F2, 0xF6B0, 0xF68F, 0xD4E9, 0x7A21, 0x4981, 0x4141, 0x28C0, 0x28C0, 0x0000, 0x0000, 0x0000,
    0x0000, 0x0000, 0x0000, 0x1880, 0x3100, 0x3900, 0x5A22, 0x59A2, 0xC489, 0xFEF3, 0xF712, 0xFEF2,
    0xF6D1, 0xF6D0, 0xEE0D, 0xD4E9, 0x8A82, 0x51C1, 0x4141, 0x30E0, 0x20A0, 0x0000, 0x0000, 0x0000,
    0x0000, 0x0000, 0x0000, 0x20A0, 0x3100, 0x3900, 0x5181, 0x5181, 0xC4A9, 0xEE4F, 0xEE6F, 0xF6B0,
    0xF6B0, 0xEE6F, 0xEE4E, 0xD4C9, 0x7A21, 0x6202, 0x4141, 0x30E0, 0x28A0, 0x0000, 0x0000, 0x0000,
    0x0000, 0x0000, 0x0000, 0x1880, 0x3100, 0x3900, 0x4141, 0x59A1, 0xCCA8, 0xF64E, 0xEE4F, 0xFEF1,
    0xF6D1, 0xF6B0, 0xF66F, 0xD50A, 0x7A01, 0x61E2, 0x3101, 0x30E0, 0x28A0, 0x0000, 0x0000, 0x0000,
    0x0000, 0x0000, 0x0000, 0x20A0, 0x3100, 0x3100, 0x4121, 0x61C2, 0xC4A8, 0xEE2E, 0xF68F, 0xF690,
    0xF6D2, 0xF690, 0xF64F, 0xD50A, 0x71E1, 0x5181, 0x30E1, 0x30E0, 0x28A0, 0x0000, 0x0000, 0x0000,
    0x0000, 0x0000, 0x0000, 0x20A0, 0x3100, 0x30E0, 0x51A2, 0x61C2, 0xC488, 0xF68F, 0xEE4E, 0xF6B1,
    0xF6D1, 0xF6D1, 0xF64F, 0xDD4B, 0x69C0, 0x59A2, 0x30E1, 0x30C0, 0x28C0, 0x0000, 0x0000, 0x0000,
    0x0000, 0x0000, 0x0000, 0x2080, 0x3901, 0x3900, 0x51C2, 0x6A02, 0xDD2B, 0xFEF1, 0xFEF2, 0xF6B1,
    0xF6B1, 0xF6F1, 0xF690, 0xD52A, 0x7221, 0x59C2, 0x30E1, 0x30C0, 0x28A0, 0x0000, 0x0000, 0x0000,
    0x0000, 0x0000, 0x0000, 0x20A1, 0x38E0, 0x3901, 0x49A2, 0x59A1, 0xCCA8, 0xEE6F, 0xF6D1, 0xEE70,
    0xF6D1, 0xF6D1, 0xF66F, 0xDD4B, 0x7A42, 0x51A2, 0x3901, 0x28E0, 0x28A0, 0x0000, 0x0000, 0x0000,
    0x0000, 0x0000, 0x0000, 0x2080, 0x3901, 0x3900, 0x4961, 0x61E2, 0xCCE9, 0xFEF1, 0xF6F1, 0xF6F2,
    0xF712, 0xF6F2, 0xF690, 0xDD6B, 0x7A42, 0x59C3, 0x3922, 0x28C0, 0x28A0, 0x0000, 0x0000, 0x0000,
    0x0000, 0x0000, 0x0000, 0x2080, 0x3901, 0x4941, 0x4961, 0x61E1, 0xCCC9, 0xF6D1, 0xF6B1, 0xF6D2,
    0xF713, 0xF6D1, 0xF66F, 0xD509, 0x7A21, 0x4961, 0x3901, 0x30E0, 0x28C0, 0x0000, 0x0000, 0x0000,
    0x0000, 0x0000, 0x0000, 0x1880, 0x3920, 0x4141, 0x51A1, 0x7202, 0xD4EA, 0xEE90, 0xEEB1, 0xFF13,
    0xF6B1, 0xEEB1, 0xF690, 0xD509, 0x8283, 0x4982, 0x3121, 0x30E1, 0x28C0, 0x0000, 0x0000, 0x0000,
    0x0000, 0x0000, 0x0000, 0x2080, 0x3920, 0x3920, 0x4940, 0x69E1, 0xC4A8, 0xEEB1, 0xF6F2, 0xFF14,
    0xF6D2, 0xF6F2, 0xF690, 0xDD2A, 0x7A42, 0x4962, 0x30E1, 0x30E0, 0x28C0, 0x0000, 0x0000, 0x0000,
    0x0000, 0x0000, 0x0000, 0x2080, 0x3920, 0x3900, 0x59C2, 0x7A42, 0xBC88, 0xF6D2, 0xEEB2, 0xF714,
    0xF6F2, 0xF6D1, 0xF68F, 0xD52A, 0x7A21, 0x5182, 0x3101, 0x3101, 0x28C0, 0x0000, 0x0000, 0x0000,
    0x0000, 0x0000, 0x0000, 0x20A0, 0x3900, 0x4120, 0x59C1, 0x7A62, 0xBC68, 0xEEB0, 0xF6F2, 0xF6D2,
    0xF6F2, 0xF6D1, 0xF68F, 0xDD2B, 0x7A02, 0x49A2, 0x3922, 0x3101, 0x28C0, 0x0000, 0x0000, 0x0000,
    0x0000, 0x0000, 0x0000, 0x20A0, 0x3900, 0x4120, 0x61C1, 0x7201, 0xBC89, 0xF6B1, 0xF6F3, 0xF713,
    0xF6F2, 0xF6F2, 0xF64F, 0xD4C9, 0x7A42, 0x4162, 0x28E1, 0x30E1, 0x28C0, 0x0000, 0x0000, 0x0000,
    0x0000, 0x0000, 0x0000, 0x20A0, 0x3920, 0x4120, 0x61C1, 0x6A02, 0xC489, 0xF6D1, 0xF6D2, 0xF6F2,
    0xF6D2, 0xF6D1, 0xFE8F, 0xDD09, 0x7A22, 0x3901, 0x3101, 0x30E1, 0x28A0, 0x0000, 0x0000, 0x0000,
    0x0000, 0x0000, 0x0000, 0x20A0, 0x3920, 0x4120, 0x61C1, 0x61A0, 0xCCCA, 0xF6D2, 0xFEF3, 0xF6D2,
    0xF6F2, 0xF6F1, 0xF66F, 0xDD29, 0x8A82, 0x4942, 0x28C1, 0x30C1, 0x28A0, 0x0000, 0x0000, 0x0000,
    0x0000, 0x0000, 0x0000, 0x20A0, 0x3900, 0x4120, 0x6A02, 0x61A1, 0xCD0A, 0xF6F2, 0xF6F3, 0xF6B0,
    0xF6B1, 0xF6D1, 0xF68F, 0xE56A, 0x92C2, 0x4982, 0x28E1, 0x28C1, 0x20A0, 0x0000, 0x0000, 0x0000,
    0x0000, 0x0000, 0x0000, 0x2080, 0x3900, 0x4100, 0x5980, 0x69E1, 0xC4C9, 0xEE90, 0xF6D1, 0xF6B1,
    0xF6B1, 0xF6D1, 0xEE6F, 0xE58B, 0x71E2, 0x3922, 0x28E1, 0x28C0, 0x28C0, 0x0000, 0x0000, 0x0000,
    0x0000, 0x0000, 0x0000, 0x20A0, 0x38E0, 0x38E0, 0x59A0, 0x7222, 0xCCE9, 0xF690, 0xEEB0, 0xF6F2,
    0xF6F3, 0xF6D2, 0xFEB1, 0xDD2A, 0x8AA3, 0x3922, 0x28E1, 0x28C0, 0x28C0, 0x0000, 0x0000, 0x0000,
    0x0000, 0x0000, 0x0000, 0x20A0, 0x3901, 0x3900, 0x69E2, 0x7A41, 0xC4C9, 0xF6B1, 0xF6D0, 0xF712,
    0xFF14, 0xF6B2, 0xF691, 0xDD4B, 0x7242, 0x3901, 0x28C0, 0x30C0, 0x28A0, 0x0000, 0x0000, 0x0000,
    0x0000, 0x0000, 0x0000, 0x20A0, 0x3900, 0x38E0, 0x5981, 0x7201, 0xC4A8, 0xEE8F, 0xF6F0, 0xFF12,
    0xFF14, 0xFEF2, 0xF670, 0xDD6B, 0x61C1, 0x3942, 0x3101, 0x30E0, 0x28C0, 0x0000, 0x0000, 0x0000,
    0x0000, 0x0000, 0x0000, 0x20A0, 0x3921, 0x3900, 0x61A1, 0x71E2, 0xBC27, 0xF6D0, 0xF6D1, 0xF6D2,
    0xF6D2, 0xEE6F, 0xF66F, 0xE56B, 0x69E1, 0x4142, 0x3921, 0x30E1, 0x30C1, 0x0000, 0x0000, 0x0000,
    0x0000, 0x0000, 0x0000, 0x28E1, 0x3900, 0x3900, 0x5982, 0x61A2, 0xCCCA, 0xF6B0, 0xFF13, 0xF6B2,
    0xF6F3, 0xF6B0, 0xF690, 0xDD4A, 0x7222, 0x4142, 0x3901, 0x3901, 0x28C1, 0x0000, 0x0000, 0x0000,
    0x0000, 0x0000, 0x0000, 0x28E1, 0x3900, 0x3900, 0x5141, 0x61C2, 0xC4A9, 0xF6D1, 0xF6B1, 0xEEB0,
    0xF6F2, 0xEE70, 0xF670, 0xE58B, 0x7A42, 0x4162, 0x30E1, 0x30E1, 0x28A0, 0x0000, 0x0000, 0x0000,
    0x0000, 0x0000, 0x0000, 0x28C0, 0x3901, 0x38E0, 0x59A2, 0x7201, 0xC4A9, 0xF6B1, 0xF6D1, 0xF6D1,
    0xF6F2, 0xF6B1, 0xF690, 0xE58B, 0x7202, 0x4162, 0x3922, 0x28C0, 0x28C0, 0x0000, 0x0000, 0x0000,
    0x0000, 0x0000, 0x0000, 0x28C1, 0x4121, 0x4101, 0x59A1, 0x6A01, 0xC4CA, 0xEE4F, 0xEE6F, 0xF6D1,
    0xF713, 0xF6D2, 0xF6B1, 0xDD8B, 0x7222, 0x4162, 0x30E1, 0x30C1, 0x28C0, 0x0000, 0x0000, 0x0000,
    0x0000, 0x0000, 0x0000, 0x28A1, 0x4121, 0x38E0, 0x59A1, 0x7223, 0xBC69, 0xEE0E, 0xFF12, 0xF713,
    0xFF33, 0xF6F2, 0xF6D1, 0xDD4A, 0x7242, 0x3921, 0x30E1, 0x28E1, 0x20C0, 0x0000, 0x0000, 0x0000,
    0x0000, 0x0000, 0x0000, 0x28A0, 0x3920, 0x30C0, 0x61E3, 0x7A63, 0xBC69, 0xDD8E, 0xF6B3, 0xF6F2,
    0xF6D2, 0xF6B1, 0xF670, 0xE5AC, 0x7222, 0x4962, 0x3942, 0x28C0, 0x28C1, 0x0000, 0x0000, 0x0000,
    0x0000, 0x0000, 0x0000, 0x28C1, 0x3900, 0x4120, 0x59A1, 0x6A01, 0xC4CA, 0xE610, 0xE631, 0xF6D1,
    0xF6D1, 0xFEF2, 0xF6B0, 0xDD6C, 0x7222, 0x4983, 0x3101, 0x28C0, 0x28C1, 0x0000, 0x0000, 0x0000,
    0x0000, 0x0000, 0x0000, 0x28C1, 0x3920, 0x4120, 0x6A02, 0x7202, 0xCD09, 0xEE70, 0xF6D4, 0xE62F,
    0xEE70, 0xEE70, 0xEE6F, 0xE58C, 0x7A43, 0x4142, 0x3101, 0x3101, 0x30E0, 0x0000, 0x0000, 0x0000,
    0x0000, 0x0000, 0x0000, 0x28C1, 0x4120, 0x4961, 0x5181, 0x7202, 0xC4C9, 0xF690, 0xF6B0, 0xE62F,
    0xDE0F, 0xD5AD, 0xEE6F, 0xDD4B, 0x7223, 0x3942, 0x30E1, 0x3101, 0x30C0, 0x0000, 0x0000, 0x0000,
    0x0000, 0x0000, 0x0000, 0x28C1, 0x3900, 0x3900, 0x4941, 0x69C1, 0xCD0A, 0xF690, 0xFEF2, 0xF6D1,
    0xFED2, 0xF691, 0xE60E, 0xCCE9, 0x6A02, 0x4142, 0x30E1, 0x30C0, 0x28C0, 0x0000, 0x0000, 0x0000,
    0x0000, 0x0000, 0x0000, 0x28C1, 0x3920, 0x3900, 0x59A1, 0x7A42, 0xCCCA, 0xF6D2, 0xFF13, 0xEEB0,
    0xF6D1, 0xF6F2, 0xEE0E, 0xD52A, 0x69E2, 0x3901, 0x28C0, 0x28E1, 0x28C0, 0x0000, 0x0000, 0x0000,
    0x0000, 0x0000, 0x0000, 0x28C1, 0x4140, 0x3920, 0x7243, 0x7A43, 0xCCA9, 0xF691, 0xFF12, 0xF6D1,
    0xFED1, 0xF690, 0xE60E, 0xE5AC, 0x7222, 0x3901, 0x28C0, 0x30E1, 0x28C0, 0x0000, 0x0000, 0x0000,
    0x0000, 0x0000, 0x0000, 0x28A0, 0x4120, 0x4120, 0x61A1, 0x7222, 0xC488, 0xEE4F, 0xFEF2, 0xFEF1,
    0xF6D2, 0xF6B2, 0xF6D1, 0xDD4A, 0x7A42, 0x3941, 0x3101, 0x30C1, 0x28C0, 0x0000, 0x0000, 0x0000,
    0x0000, 0x0000, 0x0000, 0x28A0, 0x4120, 0x4120, 0x69E1, 0x7A63, 0xBC68, 0xF6B0, 0xF6D1, 0xF6B1,
    0xF6D2, 0xFEF3, 0xEE6F, 0xD52A, 0x7A62, 0x4121, 0x3101, 0x28E0, 0x28C0, 0x0000, 0x0000, 0x0000,
    0x0000, 0x0000, 0x0000, 0x28C1, 0x4120, 0x4981, 0x59A1, 0x69E1, 0xC468, 0xEE90, 0xF712, 0xF6D0,
    0xF6B0, 0xF6B1, 0xEE6F, 0xEDCC, 0x7A22, 0x4962, 0x30E1, 0x28C0, 0x28C0, 0x0000, 0x0000, 0x0000,
    0x0000, 0x0000, 0x0000, 0x28C1, 0x4120, 0x4140, 0x5981, 0x6A02, 0xCC88, 0xF6F2, 0xF6F3, 0xF6F2,
    0xF690, 0xF6B0, 0xF690, 0xDD4A, 0x7A42, 0x4142, 0x30E1, 0x30E0, 0x28C0, 0x0000, 0x0000, 0x0000,
    0x0000, 0x0000, 0x0000, 0x30E1, 0x4120, 0x4940, 0x5181, 0x59A1, 0xC468, 0xF6B0, 0xFF13, 0xEE90,
    0xF6B1, 0xF690, 0xF690, 0xE58C, 0x8262, 0x4942, 0x3901, 0x30E0, 0x28C0, 0x0000, 0x0000, 0x0000,
    0x0000, 0x0000, 0x0000, 0x30E1, 0x4100, 0x4961, 0x5160, 0x6A02, 0xCCA9, 0xEE8F, 0xF6D1, 0xF691,
    0xF691, 0xF6F1, 0xF6B0, 0xE56B, 0x7A42, 0x4941, 0x30E1, 0x30E0, 0x28C0, 0x0000, 0x0000, 0x0000,
    0x0000, 0x0000, 0x0000, 0x28C1, 0x4120, 0x4140, 0x61C2, 0x7A21, 0xCCA9, 0xEE90, 0xEE90, 0xF6B2,
    0xF6B1, 0xF6F2, 0xF690, 0xF5CD, 0x7A22, 0x4121, 0x30E0, 0x30E0, 0x30E1, 0x0000, 0x0000, 0x0000,
    0x0000, 0x0000, 0x0000, 0x28C1, 0x4120, 0x4120, 0x59A1, 0x7A42, 0xD4EA, 0xEE90, 0xF6B1, 0xF6D2,
    0xF6B2, 0xF6D3, 0xF690, 0xDD4A, 0x7A22, 0x4121, 0x3101, 0x30C0, 0x28C0, 0x0000, 0x0000, 0x0000,
    0x0000, 0x0000, 0x0000, 0x28C1, 0x4120, 0x3900, 0x5140, 0x7A21, 0xC4A8, 0xEE6F, 0xF6F2, 0xF6B1,
    0xF6D2, 0xFED2, 0xF66F, 0xDD4A, 0x7202, 0x4141, 0x30E1, 0x3901, 0x30E1, 0x0000, 0x0000, 0x0000,
    0x0000, 0x0000, 0x0000, 0x3101, 0x4141, 0x4961, 0x7263, 0x8283, 0xCD0A, 0xF6B0, 0xFEF2, 0xF6D2,
    0xF6B1, 0xF690, 0xF64F, 0xE58B, 0x7201, 0x4141, 0x3101, 0x30C0, 0x30C0, 0x0000, 0x0000, 0x0000,
    0x0000, 0x0000, 0x0000, 0x28A0, 0x4120, 0x3900, 0x61E1, 0x7A02, 0xCCE9, 0xEE8F, 0xFEF2, 0xF6F2,
    0xF6B1, 0xEE6F, 0xF690, 0xE56B, 0x7201, 0x4982, 0x4183, 0x30C0, 0x28C0, 0x0000, 0x0000, 0x0000,
    0x0000, 0x0000, 0x0000, 0x28C0, 0x4120, 0x4120, 0x7241, 0x7A21, 0xD4EA, 0xF6B1, 0xFF13, 0xFEF3,
    0xF6D2, 0xEE4F, 0xF670, 0xE56A, 0x7242, 0x4141, 0x3921, 0x28C0, 0x28E0, 0x0000, 0x0000, 0x0000,
    0x0000, 0x0000, 0x0000, 0x28C1, 0x4120, 0x4141, 0x61E1, 0x9AE3, 0xC488, 0xF691, 0xFF12, 0xF6D1,
    0xF6B0, 0xF690, 0xF691, 0xE58B, 0x7222, 0x4961, 0x3942, 0x28C0, 0x28C0, 0x0000, 0x0000, 0x0000,
    0x0000, 0x0000, 0x0000, 0x28C0, 0x3900, 0x4120, 0x5981, 0x7A01, 0xCCC9, 0xF690, 0xF6D2, 0xF6F2,
    0xF6D1, 0xF6B0, 0xFEB1, 0xEDCC, 0x7A41, 0x5182, 0x3922, 0x28C0, 0x28C0, 0x0000, 0x0000, 0x0000,
    0x0000, 0x0000, 0x0000, 0x28C0, 0x4120, 0x3900, 0x7221, 0x8A82, 0xD52B, 0xEE91, 0xF6D2, 0xEE91,
    0xF6D1, 0xF6B1, 0xF6B1, 0xE58B, 0x7221, 0x4941, 0x3922, 0x30C0, 0x30E0, 0x0000, 0x0000, 0x0000,
    0x0000, 0x0000, 0x0000, 0x28C0, 0x4120, 0x3900, 0x69C0, 0x7A21, 0xD54B, 0xEE91, 0xF6F2, 0xF6B1,
    0xF6B1, 0xEE50, 0xF6B0, 0xE5CC, 0x69E1, 0x4962, 0x4142, 0x30C0, 0x30E0, 0x0000, 0x0000, 0x0000,
    0x0000, 0x0000, 0x0000, 0x30E1, 0x4120, 0x3900, 0x69E1, 0x7A21, 0xD52A, 0xEE90, 0xF6F2, 0xF6D1,
    0xF6D1, 0xF691, 0xF6D1, 0xEDEE, 0x7222, 0x4961, 0x4162, 0x30C0, 0x30A0, 0x0000, 0x0000, 0x0000,
    0x0000, 0x0000, 0x0000, 0x28C0, 0x3900, 0x4100, 0x69C1, 0x8242, 0xC4A9, 0xF690, 0xFEF2, 0xF6B0,
    0xF6B1, 0xF6B2, 0xF6B1, 0xE5AC, 0x7201, 0x5161, 0x3921, 0x30E0, 0x30C0, 0x0000, 0x0000, 0x0000,
    0x0000, 0x0000, 0x0000, 0x28A0, 0x3920, 0x4940, 0x7A62, 0x8282, 0xCCE9, 0xF6B1, 0xFF12, 0xF6B1,
    0xF6D2, 0xF6D2, 0xF6B1, 0xEDEE, 0x6A02, 0x5181, 0x4121, 0x30E0, 0x30E1, 0x0020, 0x0000, 0x0000,
    0x0000, 0x0000, 0x0000, 0x28A0, 0x3920, 0x4961, 0x69C1, 0x7A41, 0xC4C9, 0xEE70, 0xF6F2, 0xF6D2,
    0xF6F3, 0xF6B1, 0xF690, 0xEDED, 0x7222, 0x51A1, 0x4141, 0x30E0, 0x30E0, 0x0820, 0x0000, 0x0000,
    0x0000, 0x0000, 0x0000, 0x28A0, 0x3920, 0x4920, 0x69C1, 0x8283, 0xC4A8, 0xF690, 0xF6F2, 0xFF34,
    0xF6D2, 0xEEB1, 0xF6D1, 0xEDEE, 0x7222, 0x51A2, 0x3901, 0x30C0, 0x30C0, 0x0000, 0x0000, 0x0000,
    0x0000, 0x0000, 0x0000, 0x20C0, 0x4121, 0x5140, 0x71E1, 0x8282, 0xCCC9, 0xF6B0, 0xF6D2, 0xF6D1,
    0xF6F2, 0xF6D1, 0xF6D2, 0xEDEE, 0x7202, 0x51A2, 0x3901, 0x30C0, 0x30C0, 0x0000, 0x0000, 0x0000,
    0x0000, 0x0000, 0x0000, 0x20A0, 0x3900, 0x5161, 0x61A0, 0x8282, 0xC488, 0xF690, 0xF6D2, 0xF6D2,
    0xFEF2, 0xF6D2, 0xF6D2, 0xE5CE, 0x71E2, 0x4940, 0x30C0, 0x30C0, 0x30C0, 0x0020, 0x0000, 0x0000,
    0x0000, 0x0000, 0x0000, 0x20A0, 0x3920, 0x4920, 0x7222, 0x7A22, 0xC488, 0xF690, 0xF6F2, 0xF6F2,
    0xF6F3, 0xF6D2, 0xF6B1, 0xEE0E, 0x71E1, 0x4961, 0x3922, 0x30E1, 0x30C0, 0x0000, 0x0000, 0x0000,
    0x0000, 0x0000, 0x0000, 0x28E1, 0x3900, 0x4940, 0x7A82, 0x8263, 0xC489, 0xF690, 0xF691, 0xF6B1,
    0xF6D2, 0xF6F2, 0xF690, 0xEDCD, 0x7222, 0x4961, 0x3901, 0x30E0, 0x30C0, 0x0000, 0x0000, 0x0000,
    0x0000, 0x0000, 0x0000, 0x28E1, 0x3920, 0x4120, 0x61C1, 0x7A22, 0xC448, 0xF6B1, 0xF6D3, 0xF6F2,
    0xF6F1, 0xF6B0, 0xF690, 0xE58C, 0x7A43, 0x59C3, 0x3921, 0x38E0, 0x28A0, 0x0800, 0x0000, 0x0000,
    0x0000, 0x0000, 0x0000, 0x28E1, 0x4121, 0x4100, 0x5981, 0x8263, 0xBC48, 0xF670, 0xF6B1, 0xF6D2,
    0xF6D1, 0xF6D1, 0xF690, 0xEDED, 0x7A22, 0x4961, 0x3101, 0x3901, 0x28C0, 0x0000, 0x0000, 0x0000,
    0x0000, 0x0000, 0x0000, 0x28A0, 0x3920, 0x4120, 0x7223, 0x7202, 0xC4A9, 0xF66F, 0xEEB0, 0xF6F2,
    0xF6D1, 0xFED2, 0xF64F, 0xEDED, 0x7222, 0x4141, 0x3102, 0x30E0, 0x30E1, 0x0020, 0x0000, 0x0000,
    0x0000, 0x0000, 0x0000, 0x28A0, 0x3900, 0x4120, 0x7202, 0x7A22, 0xC4A8, 0xEE0E, 0xEEB0, 0xF6D1,
    0xF6B1, 0xF6D1, 0xF690, 0xEDCC, 0x7222, 0x3901, 0x28C1, 0x30E0, 0x3101, 0x0020, 0x0000, 0x0000,
    0x0000, 0x0000, 0x0000, 0x28C0, 0x3920, 0x4141, 0x6181, 0x7202, 0xBC88, 0xEE0E, 0xF6D1, 0xFF13,
    0xF6D3, 0xFEF3, 0xF690, 0xEDEC, 0x69E1, 0x38E1, 0x28E2, 0x30E0, 0x3901, 0x0020, 0x0000, 0x0000,
    0x0000, 0x0000, 0x0000, 0x28C0, 0x3900, 0x4121, 0x5982, 0x6A02, 0xBC88, 0xF670, 0xF6D1, 0xF6F1,
    0xF6F2, 0xF6F2, 0xF68F, 0xEDCC, 0x7202, 0x4122, 0x3102, 0x28E0, 0x30C0, 0x0020, 0x0000, 0x0000,
    0x0000, 0x0000, 0x0000, 0x28C0, 0x3901, 0x4121, 0x6A03, 0x7A42, 0xC4A8, 0xEE8F, 0xF6B1, 0xFEF3,
    0xF6F2, 0xF6D1, 0xF68F, 0xEDCC, 0x7A63, 0x4142, 0x28E1, 0x3122, 0x28E0, 0x0000, 0x0000, 0x0000,
    0x0000, 0x0000, 0x0000, 0x28A0, 0x38E0, 0x4121, 0x69E2, 0x69C1, 0xC4A8, 0xF690, 0xF6D1, 0xF6B1,
    0xF6B1, 0xF6B1, 0xF690, 0xF60D, 0x7A42, 0x4121, 0x3102, 0x30E1, 0x30E0, 0x0800, 0x0000, 0x0000,
    0x0000, 0x0000, 0x0000, 0x20A0, 0x38E0, 0x38E0, 0x61C1, 0x82C3, 0xC4A8, 0xF6B0, 0xFEF3, 0xF6D1,
    0xF6D1, 0xF6D2, 0xF6B1, 0xEDEE, 0x69E2, 0x3921, 0x3102, 0x28C1, 0x3921, 0x0820, 0x0000, 0x0000,
    0x0000, 0x0000, 0x0000, 0x28A0, 0x38E0, 0x4100, 0x5981, 0x6180, 0xC468, 0xF690, 0xF6D2, 0xF6D2,
    0xF6D2, 0xF6D2, 0xF6B1, 0xDD6B, 0x59E3, 0x3923, 0x20C1, 0x3941, 0x30C0, 0x0020, 0x0000, 0x0000,
    0x0000, 0x0000, 0x0000, 0x20A0, 0x38E0, 0x38E0, 0x69E2, 0x7201, 0xC468, 0xF670, 0xF6F2, 0xF6D2,
    0xF6F2, 0xF6B2, 0xF6B1, 0xDD8C, 0x6203, 0x3102, 0x30E2, 0x3921, 0x30E1, 0x0020, 0x0000, 0x0000,
    0x0000, 0x0000, 0x0000, 0x28C0, 0x38E0, 0x38E0, 0x5981, 0x7202, 0xC469, 0xF690, 0xFF13, 0xEE91,
    0xF6D2, 0xF6B1, 0xEE70, 0xEDED, 0x7243, 0x4142, 0x3901, 0x28A0, 0x3101, 0x0020, 0x0000, 0x0000,
    0x0000, 0x0000, 0x0000, 0x20A0, 0x30E0, 0x30C0, 0x5181, 0x69E2, 0xBC48, 0xF6B1, 0xF6F2, 0xF6F2,
    0xF6D2, 0xF6B1, 0xF690, 0xEDCD, 0x7A23, 0x4141, 0x3901, 0x30C0, 0x30C0, 0x0020, 0x0000, 0x0000,
    0x0000, 0x0000, 0x0000, 0x20A0, 0x3901, 0x30E0, 0x5160, 0x69E2, 0xBC68, 0xF690, 0xF6D1, 0xF6D2,
    0xF691, 0xEE70, 0xF670, 0xEDCC, 0x7A23, 0x4101, 0x30C0, 0x30C0, 0x28A0, 0x0020, 0x0000, 0x0000,
    0x0000, 0x0000, 0x0000, 0x20A0, 0x3900, 0x30C0, 0x4921, 0x7222, 0xC4C9, 0xEE70, 0xFED2, 0xF691,
    0xFED2, 0xEE71, 0xF6B1, 0xF62D, 0x7A43, 0x5162, 0x30E1, 0x30E1, 0x28A0, 0x0020, 0x0000, 0x0000,
    0x0000, 0x0000, 0x0000, 0x20A0, 0x38E0, 0x30C0, 0x5161, 0x61C1, 0xBC47, 0xF6B1, 0xEE70, 0xF691,
    0xF6D2, 0xF6D2, 0xF6B1, 0xEE0C, 0x7202, 0x4101, 0x30E0, 0x30C0, 0x28C0, 0x0020, 0x0000, 0x0000,
    0x0000, 0x0000, 0x0000, 0x20A0, 0x38E0, 0x30E0, 0x5182, 0x7202, 0xCCC9, 0xF6B1, 0xEE6F, 0xF6D1,
    0xEE91, 0xF6D1, 0xF6B1, 0xEDEC, 0x7223, 0x4101, 0x30E0, 0x30C0, 0x28C0, 0x0020, 0x0000, 0x0000,
    0x0000, 0x0000, 0x0000, 0x20A0, 0x30C0, 0x30C0, 0x4941, 0x6180, 0xC468, 0xEE6F, 0xF6D1, 0xF6D1,
    0xF6D2, 0xEEB1, 0xEE70, 0xEDCC, 0x7223, 0x4101, 0x28C0, 0x30E0, 0x28E1, 0x0020, 0x0000, 0x0000,
    0x0000, 0x0000, 0x0000, 0x20A0, 0x30E0, 0x38E1, 0x5981, 0x69C1, 0xC468, 0xF670, 0xF6B1, 0xF6D1,
    0xF6D2, 0xF6D2, 0xF690, 0xE58B, 0x7222, 0x4142, 0x30E1, 0x28C0, 0x30E1, 0x0020, 0x0000, 0x0000,
    0x0000, 0x0000, 0x0000, 0x20A0, 0x30E0, 0x38C0, 0x61C1, 0x7A22, 0xB427, 0xF670, 0xF6B1, 0xEE90,
    0xF691, 0xF690, 0xF64E, 0xDD29, 0x8AC4, 0x4962, 0x30E1, 0x28C0, 0x28C1, 0x0020, 0x0000, 0x0000,
    0x0000, 0x0000, 0x0000, 0x20A0, 0x30E0, 0x38E1, 0x69C2, 0x61A0, 0xB447, 0xF690, 0xF6D1, 0xF6B1,
    0xF6D2, 0xFED1, 0xF64E, 0xE5AB, 0x7201, 0x4962, 0x3901, 0x28C0, 0x28C0, 0x0020, 0x0000, 0x0000,
    0x0000, 0x0000, 0x0000, 0x20A0, 0x30E0, 0x30C0, 0x5981, 0x61A1, 0xBC88, 0xF6B1, 0xFED2, 0xF690,
    0xF6B1, 0xF690, 0xF66F, 0xE58B, 0x7A22, 0x4942, 0x3922, 0x28C0, 0x28C0, 0x0020, 0x0000, 0x0000,
    0x0000, 0x0000, 0x0000, 0x20A0, 0x30E0, 0x30C0, 0x5181, 0x61C1, 0xBC27, 0xF690, 0xF6D1, 0xEE6F,
    0xF6B0, 0xF690, 0xF690, 0xE5CC, 0x7243, 0x38E1, 0x3101, 0x20A0, 0x30E1, 0x0020, 0x0000, 0x0000,
    0x0000, 0x0000, 0x0000, 0x2080, 0x30E0, 0x30E0, 0x61C1, 0x7222, 0xC468, 0xFED1, 0xF6B0, 0xEE70,
    0xF690, 0xF68F, 0xFEB1, 0xEDED, 0x7243, 0x4101, 0x3101, 0x28A0, 0x30E1, 0x0020, 0x0000, 0x0000,
    0x0000, 0x0000, 0x0000, 0x28A0, 0x30C0, 0x30E0, 0x4920, 0x7A22, 0xB406, 0xF690, 0xF6B1, 0xF690,
    0xF6B0, 0xF6B0, 0xF66F, 0xE5AC, 0x69C1, 0x4122, 0x3922, 0x28C0, 0x30C1, 0x0820, 0x0000, 0x0000,
    0x0000, 0x0000, 0x0000, 0x20A0, 0x30C0, 0x30A0, 0x3900, 0x5961, 0xBC48, 0xF690, 0xF6B2, 0xF6B1,
    0xFED1, 0xF690, 0xF68F, 0xEDAB, 0x7222, 0x4142, 0x3922, 0x28C0, 0x30C0, 0x0020, 0x0000, 0x0000,
    0x0000, 0x0000, 0x0000, 0x20A0, 0x28A0, 0x28A0, 0x4121, 0x59A1, 0xBC48, 0xEE2F, 0xF691, 0xFED2,
    0xFED2, 0xEE4F, 0xF66F, 0xE56B, 0x6A03, 0x4142, 0x3942, 0x28C0, 0x28C0, 0x0020, 0x0000, 0x0000,
    0x0000, 0x0000, 0x0000, 0x2080, 0x30C0, 0x30C0, 0x3101, 0x5183, 0xC469, 0xEE6F, 0xF6D1, 0xF6B1,
    0xF690, 0xF68F, 0xF690, 0xEDAC, 0x5982, 0x3901, 0x30E1, 0x28A0, 0x28C0, 0x0020, 0x0000, 0x0000,
    0x0000, 0x0000, 0x0000, 0x2080, 0x28C0, 0x28C0, 0x3942, 0x4142, 0xB408, 0xEE4E, 0xEE2E, 0xF6B0,
    0xEE4F, 0xEE2E, 0xF690, 0xF60E, 0x61C2, 0x49A4, 0x28C1, 0x2080, 0x28A0, 0x0020, 0x0000, 0x0000,
    0x0000, 0x0000, 0x0000, 0x20A1, 0x28C0, 0x30E0, 0x3101, 0x4121, 0xABE7, 0xF6B0, 0xFEF2, 0xF690,
    0xEE4F, 0xEE2F, 0xF66F, 0xEDED, 0x6A03, 0x3901, 0x28C1, 0x2080, 0x20A0, 0x0020, 0x0000, 0x0000,
    0x0000, 0x0000, 0x0000, 0x20A1, 0x28A0, 0x30E0, 0x30E0, 0x51A1, 0xB428, 0xDDED, 0xF690, 0xF670,
    0xF670, 0xE5AD, 0xEE2E, 0xDD6C, 0x5162, 0x3901, 0x28C0, 0x28C0, 0x28C1, 0x0020, 0x0000, 0x0000,
    0x0000, 0x0000, 0x0000, 0x1060, 0x28C0, 0x3921, 0x4121, 0x6A44, 0x7243, 0xEE0E, 0xF690, 0xF6B1,
    0xF691, 0xEE4F, 0xEE2E, 0xB407, 0x4982, 0x4142, 0x28A0, 0x3101, 0x28A1, 0x0000, 0x0000, 0x0000,
    0x0000, 0x0000, 0x0000, 0x0000, 0x1040, 0x28C0, 0x4983, 0x49C4, 0x51A3, 0xCCCA, 0xE5AE, 0xF691,
    0xF692, 0xEE2F, 0xEDEE, 0x9346, 0x28C1, 0x4163, 0x3101, 0x28C0, 0x0020, 0x0000, 0x0000, 0x0000,
    0x0000, 0x0000, 0x0000, 0x0000, 0x0000, 0x20A0, 0x4122, 0x30E1, 0x51C4, 0x6A03, 0xA3E9, 0x8B28,
    0x7AA6, 0x61E3, 0x8B47, 0x6A86, 0x2081, 0x1880, 0x20E1, 0x0840, 0x0000, 0x0000, 0x0000, 0x0000,
    0x0000, 0x0000, 0x0000, 0x0000, 0x0000, 0x0820, 0x4963, 0x30C1, 0x3942, 0x59C3, 0x59E3, 0x3923,
    0x3102, 0x3122, 0x3122, 0x4184, 0x2903, 0x20A1, 0x20C1, 0x0000, 0x0000, 0x0000, 0x0000, 0x0000,
    0x0000, 0x0000, 0x0000, 0x0000, 0x0000, 0x0000, 0x3942, 0x49A4, 0x49A3, 0x59E4, 0x59E5, 0x3962,
    0x49C4, 0x3942, 0x51E5, 0x3984, 0x3184, 0x20E2, 0x1060, 0x0000, 0x0000, 0x0000, 0x0000, 0x0000,
    0x0000, 0x0000, 0x0000, 0x0000, 0x0000, 0x0000, 0x51C4, 0x51C4, 0x4163, 0x5205, 0x5A46, 0x3102,
    0x49C5, 0x41A4, 0x49E5, 0x3164, 0x4A27, 0x2922, 0x1061, 0x0000, 0x0000, 0x0000, 0x0000, 0x0000,
    0x0000, 0x0000, 0x0000, 0x0000, 0x0000, 0x18A1, 0x6205, 0x5A05, 0x3922, 0x3142, 0x3163, 0x3984,
    0x4A06, 0x3984, 0x3984, 0x3985, 0x20E2, 0x20C1, 0x18A1, 0x0000, 0x0000, 0x0000, 0x0000, 0x0000,
    0x0000, 0x0000, 0x0000, 0x0000, 0x0840, 0x49A4, 0x6A25, 0x4982, 0x5225, 0x49C5, 0x4184, 0x3984,
    0x3984, 0x3984, 0x2922, 0x3143, 0x2902, 0x39A4, 0x3943, 0x0840, 0x0000, 0x0000, 0x0000, 0x0000,
    0x0000, 0x0000, 0x0000, 0x0860, 0x51E4, 0x5A26, 0xB46F, 0x6246, 0x3941, 0x3941, 0x49C3, 0x49A3,
    0x49A3, 0x5A04, 0x3921, 0x4183, 0x3143, 0x732A, 0x28E2, 0x3122, 0x1060, 0x0000, 0x0000, 0x0000,
    0x0000, 0x0000, 0x0820, 0x49C4, 0x49A4, 0x93EE, 0x49A4, 0x30E1, 0x4182, 0x5204, 0x51E4, 0x4142,
    0x3942, 0x51C4, 0x49A3, 0x51C4, 0x51E5, 0x62A8, 0x41A5, 0x3923, 0x3102, 0x0840, 0x0000, 0x0000,
    0x0000, 0x0000, 0x3984, 0x3942, 0x940D, 0x5A26, 0x3942, 0x4182, 0x49C3, 0x28C0, 0x1840, 0x1060,
    0x1060, 0x1860, 0x28A0, 0x3901, 0x4183, 0x4162, 0x49A4, 0x62A8, 0x28C1, 0x20C1, 0x0000, 0x0000,
    0x0000, 0x20C2, 0x28E1, 0x5A47, 0x6267, 0x4983, 0x3942, 0x3101, 0x1860, 0x1860, 0x1040, 0x0840,
    0x0840, 0x1081, 0x1880, 0x2080, 0x28E1, 0x5204, 0x5A04, 0x5206, 0x3122, 0x28C1, 0x1060, 0x0000,
    0x0000, 0x3122, 0x3102, 0x49C5, 0x4163, 0x49A4, 0x28E1, 0x2080, 0x18A1, 0x0000, 0x0000, 0x0000,
    0x0000, 0x0000, 0x0020, 0x18A1, 0x1860, 0x3942, 0x49A2, 0x3922, 0x5206, 0x3102, 0x28C1, 0x0000,
    0x1061, 0x3102, 0x41A4, 0x49C5, 0x4121, 0x4142, 0x28A0, 0x28E1, 0x0000, 0x0000, 0x0000, 0x0000,
    0x0000, 0x0000, 0x0000, 0x0000, 0x28C1, 0x28A0, 0x49C2, 0x3942, 0x3942, 0x28E1, 0x28C1, 0x0840,
    0x18A1, 0x2902, 0x49C5, 0x51A3, 0x51C3, 0x3962, 0x30E1, 0x0840, 0x0000, 0x0000, 0x0000, 0x0000,
    0x0000, 0x0000, 0x0000, 0x0000, 0x0020, 0x3901, 0x4983, 0x51E4, 0x3102, 0x3122, 0x20A0, 0x18A1,
    0x18A1, 0x20A0, 0x4163, 0x51C3, 0x6245, 0x28C0, 0x20C0, 0x0000, 0x0000, 0x0000, 0x0000, 0x0000,
    0x0000, 0x0000, 0x0000, 0x0000, 0x0000, 0x20A0, 0x30E0, 0x4142, 0x3101, 0x4184, 0x28E1, 0x20A1,
    0x18A1, 0x28A0, 0x3922, 0x4142, 0x4162, 0x30C0, 0x18A0, 0x0000, 0x0000, 0x0000, 0x0000, 0x0000,
    0x0000, 0x0000, 0x0000, 0x0000, 0x0000, 0x20E1, 0x3941, 0x4142, 0x3101, 0x3102, 0x28A0, 0x20A1,
    0x28E2, 0x3102, 0x4184, 0x28C0, 0x3922, 0x30C0, 0x18A1, 0x0000, 0x0000, 0x0000, 0x0000, 0x0000,
    0x0000, 0x0000, 0x0000, 0x0000, 0x0000, 0x28E1, 0x4961, 0x4962, 0x3922, 0x3943, 0x2060, 0x28C1,
    0x1880, 0x1860, 0x3101, 0x59E4, 0x51A3, 0x3921, 0x28E1, 0x0000, 0x0000, 0x0000, 0x0000, 0x0000,
    0x0000, 0x0000, 0x0000, 0x0000, 0x0000, 0x28E1, 0x4961, 0x6224, 0x4983, 0x30E2, 0x2040, 0x2080,
    0x1060, 0x28C1, 0x3102, 0x4163, 0x4983, 0x51E4, 0x4162, 0x0840, 0x0000, 0x0000, 0x0000, 0x0000,
    0x0000, 0x0000, 0x0000, 0x0000, 0x0000, 0x51C2, 0x6204, 0x4982, 0x4162, 0x30E2, 0x2060, 0x1840,
    0x1040, 0x20A0, 0x20A1, 0x3922, 0x3101, 0x49A3, 0x4962, 0x3902, 0x0000, 0x0000, 0x0000, 0x0000,
    0x0000, 0x0000, 0x0000, 0x0000, 0x3963, 0x61E3, 0x6204, 0x6264, 0x51E3, 0x28A0, 0x20A0, 0x0840,
    0x0000, 0x1860, 0x2080, 0x49C4, 0x49E4, 0x3942, 0x7B29, 0x51C3, 0x49A3, 0x0820, 0x0000, 0x0000,
    0x0000, 0x0000, 0x0820, 0x6225, 0x7A44, 0x82A7, 0x4100, 0x4121, 0x4183, 0x28C1, 0x1880, 0x0000,
    0x0000, 0x0840, 0x1860, 0x20C1, 0x3962, 0x28C0, 0x3922, 0x6226, 0x59C3, 0x59E3, 0x3942, 0x28E2,
    0x3122, 0x4983, 0x8285, 0x9B28, 0xA3EC, 0x5182, 0x4942, 0x4122, 0x2080, 0x1840, 0x1060, 0x0000,
    0x0000, 0x0000, 0x1861, 0x1860, 0x28C0, 0x4162, 0x49A3, 0x51A3, 0x5A25, 0x72A7, 0x6245, 0x59C3,
    0x59C2, 0x6A45, 0x8B49, 0x8B6A, 0x51A3, 0x4962, 0x4962, 0x30E1, 0x1840, 0x1860, 0x0000, 0x0000,
    0x0000, 0x0000, 0x0000, 0x1880, 0x1860, 0x3922, 0x49A3, 0x49A3, 0x30E1, 0x3101, 0x51E5, 0x6226,
    0x7AE8, 0x51C3, 0x51C3, 0x4942, 0x59E4, 0x4982, 0x20A0, 0x1860, 0x1040, 0x0820, 0x0000, 0x0000,
    0x0000, 0x0000, 0x0000, 0x0820, 0x1040, 0x1860, 0x2880, 0x51E4, 0x4963, 0x5A25, 0x4162, 0x51A3,
    0x4163, 0x49A3, 0x4122, 0x4163, 0x30E1, 0x2060, 0x1860, 0x1881, 0x0820, 0x0000, 0x0000, 0x0000,
    0x0000, 0x0000, 0x0000, 0x0000, 0x0020, 0x1880, 0x1880, 0x2081, 0x2080, 0x4164, 0x3921, 0x4142,
    0x30E2, 0x3942, 0x28C1, 0x1860, 0x1060, 0x1040, 0x1040, 0x0020, 0x0000, 0x0000, 0x0000, 0x0000,
    0x0000, 0x0000, 0x0000, 0x0000, 0x0000, 0x0000, 0x1060, 0x1040, 0x1040, 0x1860, 0x1860, 0x1840,
    0x1860, 0x1860, 0x1860, 0x1040, 0x1040, 0x1040, 0x0000, 0x0000, 0x0000, 0x0000, 0x0000, 0x0000,
    0x0000, 0x0000, 0x0000, 0x0000, 0x0000, 0x0000, 0x0000, 0x0000, 0x0820, 0x1040, 0x1040, 0x1040,
    0x1040, 0x1040, 0x1040, 0x0820, 0x0000, 0x0000, 0x0000, 0x0000, 0x0000, 0x0000, 0x0000, 0x0000,
};
const uint8_t MINUTE_A[] PROGMEM = {
    0, 0, 0, 0, 0, 0, 0, 0, 0, 0, 74, 199, 228, 154, 8, 0, 0, 0, 0, 0,
    0, 0, 0, 0, 0, 0, 0, 0, 0, 0, 0, 0, 0, 16, 238, 249, 251, 250, 125, 0,
    0, 0, 0, 0, 0, 0, 0, 0, 0, 0, 0, 0, 0, 0, 0, 0, 0, 36, 250, 251,
    252, 251, 175, 0, 0, 0, 0, 0, 0, 0, 0, 0, 0, 0, 0, 0, 0, 0, 0, 0,
    0, 40, 251, 251, 252, 251, 185, 0, 0, 0, 0, 0, 0, 0, 0, 0, 0, 0, 0, 0,
    0, 0, 0, 0, 0, 47, 250, 252, 252, 252, 196, 0, 0, 0, 0, 0, 0, 0, 0, 0,
    0, 0, 0, 0, 0, 0, 0, 0, 0, 76, 249, 251, 252, 252, 206, 0, 0, 0, 0, 0,
    0, 0, 0, 0, 0, 0, 0, 0, 0, 0, 0, 0, 0, 83, 250, 251, 252, 252, 225, 0,
    0, 0, 0, 0, 0, 0, 0, 0, 0, 0, 0, 0, 0, 0, 0, 0, 0, 86, 250, 252,
    252, 252, 230, 0, 0, 0, 0, 0, 0, 0, 0, 0, 0, 0, 0, 0, 0, 0, 0, 0,
    0, 88, 250, 252, 252, 252, 235, 0, 0, 0, 0, 0, 0, 0, 0, 0, 0, 0, 0, 0,
    0, 0, 0, 0, 0, 89, 251, 252, 252, 251, 240, 0, 0, 0, 0, 0, 0, 0, 0, 0,
    0, 0, 0, 0, 0, 0, 0, 0, 0, 92, 251, 252, 252, 251, 245, 0, 0, 0, 0, 0,
    0, 0, 0, 0, 0, 0, 0, 0, 0, 0, 0, 0, 0, 117, 250, 252, 252, 252, 250, 0,
    0, 0, 0, 0, 0, 0, 0, 0, 0, 0, 0, 0, 0, 0, 0, 0, 0, 129, 251, 252,
    252, 252, 251, 18, 0, 0, 0, 0, 0, 0, 0, 0, 0, 0, 0, 0, 0, 0, 0, 0,
    0, 131, 251, 252, 252, 252, 252, 26, 0, 0, 0, 0, 0, 0, 0, 0, 0, 0, 0, 0,
    0, 0, 0, 0, 0, 135, 251, 252, 252, 252, 252, 28, 0, 0, 0, 0, 0, 0, 0, 0,
    0, 0, 0, 0, 0, 0, 0, 0, 0, 140, 251, 252, 252, 252, 252, 32, 0, 0, 0, 0,
    0, 0, 0, 0, 0, 0, 0, 0, 0, 0, 0, 0, 0, 160, 251, 252, 252, 252, 252, 42,
    0, 0, 0, 0, 0, 0, 0, 0, 0, 0, 0, 0, 0, 0, 0, 0, 0, 179, 251, 252,
    252, 252, 252, 47, 0, 0, 0, 0, 0, 0, 0, 0, 0, 0, 0, 0, 0, 0, 0, 0,
    0, 184, 251, 252, 252, 252, 252, 60, 0, 0, 0, 0, 0, 0, 0, 0, 0, 0, 0, 0,
    0, 0, 0, 0, 0, 195, 252, 252, 252, 252, 251, 82, 0, 0, 0, 0, 0, 0, 0, 0,
    0, 0, 0, 0, 0, 0, 0, 0, 1, 234, 252, 252, 252, 252, 251, 101, 0, 0, 0, 0,
    0, 0, 0, 0, 0, 0, 0, 0, 0, 0, 0, 0, 78, 251, 252, 252, 252, 252, 252, 166,
    0, 0, 0, 0, 0, 0, 0, 0, 0, 0, 0, 0, 0, 0, 22, 127, 237, 252, 252, 252,
    252, 252, 251, 249, 130, 30, 0, 0, 0, 0, 0, 0, 0, 0, 0, 0, 0, 82, 241, 251,
    253, 253, 252, 252, 252, 252, 252, 251, 250, 240, 92, 0, 0, 0, 0, 0, 0, 0, 0, 0,
    66, 245, 253, 252, 253, 253, 253, 253, 252, 252, 252, 251, 251, 251, 247, 101, 0, 0, 0, 0,
    0, 0, 0, 27, 231, 253, 253, 253, 253, 253, 253, 253, 253, 253, 252, 252, 252, 252, 251, 247,
    103, 0, 0, 0, 0, 0, 0, 91, 250, 252, 253, 253, 253, 253, 253, 253, 253, 253, 253, 252,
    252, 252, 252, 252, 193, 0, 0, 0, 0, 0, 0, 95, 250, 252, 253, 253, 253, 253, 253, 253,
    253, 253, 253, 252, 252, 252, 252, 252, 199, 0, 0, 0, 0, 0, 0, 116, 250, 252, 253, 253,
    253, 253, 253, 253, 253, 253, 253, 253, 252, 252, 252, 252, 222, 0, 0, 0, 0, 0, 0, 118,
    250, 252, 252, 253, 253, 253, 253, 252, 253, 252, 252, 253, 253, 252, 252, 252, 210, 0, 0, 0,
    0, 0, 0, 119, 250, 252, 252, 253, 253, 253, 253, 252, 252, 252, 252, 253, 253, 253, 252, 252,
    199, 0, 0, 0, 0, 0, 0, 119, 249, 251, 252, 253, 253, 253, 253, 253, 252, 252, 252, 253,
    253, 253, 253, 252, 222, 0, 0, 0, 0, 0, 0, 119, 249, 252, 252, 253, 253, 253, 253, 253,
    253, 252, 252, 253, 253, 253, 253, 253, 221, 0, 0, 0, 0, 0, 0, 119, 250, 252, 252, 253,
    253, 253, 253, 253, 253, 252, 252, 253, 253, 253, 253, 253, 222, 0, 0, 0, 0, 0, 0, 119,
    250, 252, 253, 253, 253, 253, 253, 253, 253, 253, 253, 253, 253, 253, 253, 253, 226, 0, 0, 0,
    0, 0, 0, 122, 250, 252, 253, 253, 253, 253, 253, 253, 253, 253, 253, 253, 253, 253, 253, 253,
    222, 0, 0, 0, 0, 0, 0, 123, 250, 252, 253, 253, 253, 253, 253, 253, 253, 253, 253, 253,
    253, 253, 253, 252, 220, 0, 0, 0, 0, 0, 0, 123, 250, 252, 252, 253, 253, 253, 253, 253,
    253, 253, 253, 253, 253, 253, 253, 252, 224, 0, 0, 0, 0, 0, 0, 124, 250, 252, 252, 253,
    253, 253, 253, 253, 253, 253, 253, 253, 253, 253, 253, 252, 225, 0, 0, 0, 0, 0, 0, 121,
    249, 251, 252, 253, 253, 253, 252, 252, 252, 252, 252, 252, 252, 252, 252, 252, 216, 0, 0, 0,
    0, 0, 0, 120, 248, 251, 253, 253, 253, 253, 252, 252, 251, 252, 252, 252, 252, 252, 252, 252,
    217, 0, 0, 0, 0, 0, 0, 125, 248, 252, 253, 253, 253, 253, 252, 252, 251, 252, 252, 252,
    252, 252, 252, 252, 220, 0, 0, 0, 0, 0, 0, 128, 249, 251, 252, 253, 252, 252, 252, 252,
    252, 252, 252, 252, 252, 252, 252, 252, 196, 0, 0, 0, 0, 0, 0, 128, 250, 251, 252, 252,
    252, 252, 251, 252, 252, 252, 252, 253, 253, 253, 253, 252, 198, 0, 0, 0, 0, 0, 0, 129,
    250, 251, 252, 252, 252, 251, 251, 252, 252, 253, 253, 253, 253, 253, 253, 252, 223, 0, 0, 0,
    0, 0, 0, 129, 249, 252, 252, 252, 252, 252, 252, 252, 252, 253, 253, 253, 253, 253, 253, 252,
    203, 0, 0, 0, 0, 0, 0, 129, 249, 252, 253, 253, 253, 253, 252, 252, 252, 253, 253, 253,
    253, 253, 252, 252, 197, 0, 0, 0, 0, 0, 0, 129, 250, 252, 253, 253, 253, 253, 252, 252,
    253, 253, 253, 253, 253, 253, 252, 252, 218, 0, 0, 0, 0, 0, 0, 132, 250, 252, 253, 253,
    253, 252, 252, 252, 252, 253, 253, 253, 253, 253, 252, 252, 226, 0, 0, 0, 0, 0, 0, 129,
    249, 252, 253, 253, 253, 252, 252, 252, 252, 252, 253, 253, 253, 253, 253, 252, 224, 0, 0, 0,
    0, 0, 0, 128, 250, 253, 253, 253, 253, 252, 252, 252, 252, 252, 252, 253, 253, 253, 253, 252,
    224, 0, 0, 0, 0, 0, 0, 133, 249, 252, 253, 253, 253, 253, 252, 252, 252, 252, 252, 252,
    253, 253, 253, 252, 224, 0, 0, 0, 0, 0, 0, 133, 248, 252, 253, 253, 253, 253, 253, 252,
    252, 252, 252, 253, 253, 253, 253, 253, 225, 0, 0, 0, 0, 0, 0, 132, 248, 251, 252, 253,
    253, 253, 253, 253, 253, 252, 253, 253, 253, 253, 253, 253, 229, 0, 0, 0, 0, 0, 0, 135,
    249, 251, 252, 253, 253, 253, 253, 253, 253, 253, 253, 253, 253, 253, 253, 253, 231, 0, 0, 0,
    0, 0, 0, 135, 248, 251, 252, 252, 252, 252, 253, 253, 253, 252, 253, 253, 253, 253, 253, 253,
    229, 0, 0, 0, 0, 0, 0, 134, 248, 251, 252, 252, 252, 252, 252, 252, 252, 252, 252, 253,
    253, 253, 253, 252, 228, 0, 0, 0, 0, 0, 0, 136, 248, 251, 252, 252, 252, 252, 252, 252,
    252, 252, 252, 253, 253, 253, 252, 252, 229, 0, 0, 0, 0, 0, 0, 139, 249, 251, 252, 252,
    253, 252, 252, 252, 253, 252, 253, 253, 253, 252, 252, 251, 227, 0, 0, 0, 0, 0, 0, 141,
    250, 251, 252, 253, 253, 253, 253, 253, 253, 253, 253, 253, 253, 252, 252, 252, 228, 0, 0, 0,
    0, 0, 0, 140, 250, 251, 252, 253, 253, 253, 253, 253, 253, 253, 253, 253, 253, 253, 252, 252,
    234, 0, 0, 0, 0, 0, 0, 138, 249, 252, 253, 253, 253, 253, 253, 253, 253, 253, 253, 253,
    253, 253, 252, 252, 234, 0, 0, 0, 0, 0, 0, 139, 250, 252, 253, 253, 253, 253, 253, 253,
    253, 253, 253, 253, 253, 253, 252, 251, 230, 0, 0, 0, 0, 0, 0, 139, 250, 253, 253, 253,
    253, 253, 253, 253, 253, 253, 253, 253, 253, 253, 252, 252, 232, 0, 0, 0, 0, 0, 0, 141,
    250, 253, 253, 254, 253, 253, 253, 253, 253, 253, 253, 253, 253, 253, 252, 252, 237, 0, 0, 0,
    0, 0, 0, 142, 250, 253, 253, 254, 253, 253, 253, 253, 253, 253, 253, 253, 253, 253, 253, 253,
    240, 0, 0, 0, 0, 0, 0, 142, 250, 253, 253, 254, 253, 253, 253, 252, 252, 252, 253, 253,
    253, 253, 253, 253, 242, 0, 0, 0, 0, 0, 0, 142, 250, 253, 253, 253, 253, 253, 253, 253,
    253, 253, 253, 253, 253, 253, 253, 253, 244, 0, 0, 0, 0, 0, 0, 142, 250, 252, 253, 253,
    253, 253, 253, 253, 253, 253, 253, 253, 253, 253, 253, 253, 244, 0, 0, 0, 0, 0, 0, 143,
    250, 252, 253, 253, 253, 253, 253, 253, 253, 253, 253, 253, 253, 253, 253, 252, 242, 0, 0, 0,
    0, 0, 0, 144, 250, 252, 253, 253, 253, 253, 253, 253, 253, 252, 253, 253, 253, 253, 253, 252,
    240, 0, 0, 0, 0, 0, 0, 145, 250, 252, 253, 253, 253, 253, 253, 253, 253, 252, 253, 253,
    253, 253, 253, 252, 239, 0, 0, 0, 0, 0, 0, 144, 250, 252, 252, 253, 253, 253, 253, 253,
    253, 253, 253, 253, 253, 253, 253, 252, 241, 0, 0, 0, 0, 0, 0, 144, 250, 252, 253, 253,
    253, 253, 252, 253, 253, 253, 252, 253, 253, 253, 253, 252, 243, 0, 0, 0, 0, 0, 0, 144,
    250, 252, 253, 253, 253, 253, 252, 252, 253, 253, 252, 252, 253, 253, 252, 252, 243, 0, 0, 0,
    0, 0, 0, 144, 250, 252, 253, 253, 253, 253, 252, 252, 253, 252, 252, 252, 253, 253, 252, 252,
    245, 0, 0, 0, 0, 0, 0, 144, 249, 252, 253, 253, 253, 253, 252, 252, 252, 252, 252, 252,
    253, 253, 252, 252, 246, 0, 0, 0, 0, 0, 0, 144, 249, 252, 253, 253, 253, 252, 252, 252,
    252, 252, 253, 253, 253, 253, 253, 252, 245, 0, 0, 0, 0, 0, 0, 163, 250, 252, 253, 253,
    253, 253, 252, 252, 252, 252, 253, 253, 253, 253, 253, 252, 244, 0, 0, 0, 0, 0, 0, 168,
    250, 252, 253, 253, 253, 253, 253, 252, 252, 252, 252, 252, 253, 253, 253, 253, 244, 0, 0, 0,
    0, 0, 0, 171, 251, 252, 253, 253, 253, 253, 253, 253, 252, 252, 253, 253, 253, 253, 253, 252,
    245, 0, 0, 0, 0, 0, 0, 172, 250, 252, 253, 253, 253, 253, 253, 253, 252, 253, 253, 253,
    253, 253, 252, 252, 245, 0, 0, 0, 0, 0, 0, 159, 249, 252, 253, 253, 253, 253, 252, 252,
    252, 253, 253, 253, 253, 253, 252, 252, 243, 0, 0, 0, 0, 0, 0, 159, 249, 252, 253, 253,
    253, 253, 252, 252, 253, 253, 253, 253, 253, 252, 252, 252, 243, 0, 0, 0, 0, 0, 0, 169,
    249, 252, 253, 253, 253, 253, 252, 252, 253, 253, 253, 253, 253, 252, 252, 252, 245, 0, 0, 0,
    0, 0, 0, 167, 250, 252, 253, 253, 253, 252, 252, 252, 252, 253, 253, 253, 253, 253, 252, 252,
    244, 0, 0, 0, 0, 0, 0, 156, 249, 252, 253, 253, 252, 252, 252, 252, 252, 253, 253, 253,
    253, 253, 252, 252, 243, 0, 0, 0, 0, 0, 0, 169, 250, 252, 253, 253, 253, 252, 252, 252,
    253, 253, 253, 253, 253, 253, 252, 252, 245, 0, 0, 0, 0, 0, 0, 173, 250, 252, 253, 253,
    253, 253, 252, 252, 253, 253, 253, 253, 253, 253, 252, 252, 247, 0, 0, 0, 0, 0, 0, 174,
    250, 252, 253, 253, 253, 253, 253, 252, 252, 253, 253, 253, 253, 253, 252, 252, 246, 0, 0, 0,
    0, 0, 0, 177, 250, 252, 253, 253, 253, 253, 253, 253, 253, 253, 253, 253, 253, 253, 252, 252,
    246, 0, 0, 0, 0, 0, 0, 177, 250, 252, 253, 253, 253, 253, 253, 252, 253, 253, 252, 253,
    253, 253, 253, 252, 247, 0, 0, 0, 0, 0, 0, 172, 250, 252, 253, 253, 253, 253, 252, 252,
    252, 252, 252, 252, 252, 252, 253, 253, 247, 0, 0, 0, 0, 0, 0, 175, 251, 252, 253, 253,
    253, 253, 253, 252, 252, 252, 252, 252, 252, 252, 253, 253, 249, 12, 0, 0, 0, 0, 0, 179,
    250, 252, 253, 253, 253, 253, 253, 252, 252, 252, 252, 252, 253, 253, 253, 253, 249, 25, 0, 0,
    0, 0, 0, 175, 250, 252, 253, 253, 253, 253, 252, 252, 252, 252, 252, 253, 253, 253, 253, 253,
    250, 26, 0, 0, 0, 0, 0, 173, 249, 252, 252, 252, 253, 253, 252, 252, 252, 252, 252, 253,
    253, 253, 253, 253, 250, 25, 0, 0, 0, 0, 0, 173, 249, 252, 252, 253, 253, 253, 253, 252,
    252, 252, 252, 253, 253, 253, 253, 253, 250, 26, 0, 0, 0, 0, 0, 171, 250, 252, 252, 253,
    253, 253, 253, 253, 252, 252, 252, 253, 253, 252, 252, 252, 249, 24, 0, 0, 0, 0, 0, 169,
    249, 252, 252, 253, 253, 253, 253, 253, 253, 253, 253, 253, 253, 252, 252, 252, 249, 13, 0, 0,
    0, 0, 0, 172, 250, 251, 252, 253, 253, 253, 253, 253, 253, 253, 253, 253, 253, 253, 253, 252,
    249, 23, 0, 0, 0, 0, 0, 176, 250, 252, 252, 253, 253, 253, 253, 253, 253, 253, 253, 253,
    253, 253, 253, 252, 249, 24, 0, 0, 0, 0, 0, 177, 250, 252, 253, 253, 253, 253, 253, 253,
    253, 252, 252, 253, 253, 253, 253, 252, 249, 24, 0, 0, 0, 0, 0, 176, 251, 252, 253, 253,
    253, 253, 253, 253, 253, 252, 253, 253, 253, 253, 253, 252, 249, 24, 0, 0, 0, 0, 0, 173,
    250, 252, 253, 253, 253, 253, 253, 253, 253, 253, 253, 253, 253, 253, 253, 252, 248, 24, 0, 0,
    0, 0, 0, 171, 250, 252, 253, 253, 253, 253, 252, 253, 253, 252, 252, 253, 253, 253, 253, 252,
    249, 25, 0, 0, 0, 0, 0, 172, 249, 252, 253, 253, 253, 253, 252, 252, 252, 252, 252, 253,
    253, 253, 253, 252, 250, 27, 0, 0, 0, 0, 0, 175, 249, 252, 253, 253, 253, 253, 252, 252,
    252, 252, 252, 253, 253, 253, 253, 253, 251, 28, 0, 0, 0, 0, 0, 175, 250, 252, 253, 253,
    253, 252, 252, 252, 252, 252, 252, 253, 253, 253, 253, 252, 250, 26, 0, 0, 0, 0, 0, 173,
    250, 252, 253, 253, 253, 252, 252, 252, 252, 252, 252, 253, 253, 253, 253, 252, 250, 25, 0, 0,
    0, 0, 0, 176, 250, 252, 253, 253, 252, 252, 252, 252, 252, 252, 252, 253, 253, 253, 253, 252,
    250, 27, 0, 0, 0, 0, 0, 178, 251, 252, 252, 252, 252, 252, 252, 252, 252, 252, 253, 253,
    253, 252, 252, 252, 250, 28, 0, 0, 0, 0, 0, 178, 251, 252, 252, 252, 253, 252, 252, 252,
    252, 252, 253, 253, 252, 252, 252, 252, 251, 28, 0, 0, 0, 0, 0, 180, 252, 252, 252, 252,
    252, 252, 252, 252, 252, 253, 253, 253, 252, 252, 252, 252, 252, 31, 0, 0, 0, 0, 0, 179,
    252, 252, 252, 252, 252, 252, 252, 252, 253, 253, 253, 253, 252, 252, 252, 252, 252, 33, 0, 0,
    0, 0, 0, 176, 252, 253, 253, 253, 253, 253, 252, 252, 252, 253, 253, 253, 252, 252, 252, 252,
    252, 32, 0, 0, 0, 0, 0, 176, 252, 253, 253, 253, 253, 253, 252, 252, 252, 253, 253, 253,
    253, 252, 252, 252, 252, 32, 0, 0, 0, 0, 0, 177, 251, 253, 253, 253, 253, 253, 252, 252,
    252, 252, 252, 253, 253, 253, 252, 252, 252, 34, 0, 0, 0, 0, 0, 175, 250, 252, 253, 253,
    253, 253, 252, 252, 252, 252, 252, 253, 253, 253, 252, 252, 252, 34, 0, 0, 0, 0, 0, 173,
    250, 252, 253, 253, 253, 253, 252, 252, 252, 252, 252, 253, 253, 253, 252, 252, 252, 34, 0, 0,
    0, 0, 0, 174, 250, 252, 253, 253, 253, 253, 253, 252, 252, 252, 252, 253, 253, 253, 253, 252,
    252, 34, 0, 0, 0, 0, 0, 177, 250, 252, 253, 253, 253, 253, 253, 252, 252, 252, 252, 253,
    253, 253, 253, 252, 252, 34, 0, 0, 0, 0, 0, 178, 250, 252, 253, 253, 253, 253, 253, 253,
    253, 252, 252, 253, 253, 253, 253, 253, 252, 35, 0, 0, 0, 0, 0, 176, 250, 252, 253, 253,
    253, 253, 253, 253, 252, 252, 253, 253, 253, 253, 253, 252, 252, 36, 0, 0, 0, 0, 0, 173,
    250, 252, 253, 253, 253, 253, 253, 253, 252, 252, 252, 253, 253, 253, 253, 252, 252, 35, 0, 0,
    0, 0, 0, 171, 250, 252, 252, 253, 253, 253, 253, 253, 253, 252, 252, 253, 253, 252, 253, 252,
    251, 31, 0, 0, 0, 0, 0, 172, 250, 252, 252, 253, 253, 253, 253, 253, 253, 252, 252, 252,
    252, 252, 253, 252, 251, 32, 0, 0, 0, 0, 0, 177, 251, 252, 252, 253, 253, 253, 253, 253,
    253, 253, 252, 252, 252, 253, 252, 252, 251, 34, 0, 0, 0, 0, 0, 178, 250, 252, 253, 253,
    253, 253, 253, 253, 253, 252, 252, 253, 253, 253, 252, 252, 251, 35, 0, 0, 0, 0, 0, 177,
    251, 252, 253, 253, 253, 253, 253, 253, 253, 252, 252, 253, 253, 253, 252, 252, 251, 35, 0, 0,
    0, 0, 0, 177, 251, 252, 253, 253, 252, 252, 252, 252, 252, 252, 253, 253, 253, 253, 252, 252,
    251, 36, 0, 0, 0, 0, 0, 175, 250, 252, 253, 253, 252, 252, 252, 253, 253, 253, 253, 253,
    253, 252, 252, 252, 251, 37, 0, 0, 0, 0, 0, 175, 250, 252, 253, 253, 253, 253, 253, 253,
    253, 253, 253, 253, 253, 253, 252, 252, 251, 39, 0, 0, 0, 0, 0, 175, 250, 252, 253, 253,
    253, 253, 253, 253, 253, 253, 253, 253, 253, 253, 253, 252, 252, 41, 0, 0, 0, 0, 0, 175,
    250, 252, 253, 253, 253, 253, 253, 253, 253, 253, 253, 253, 253, 253, 252, 252, 251, 42, 0, 0,
    0, 0, 0, 175, 250, 252, 253, 253, 253, 253, 253, 253, 253, 253, 253, 253, 253, 252, 252, 252,
    251, 42, 0, 0, 0, 0, 0, 173, 249, 252, 253, 253, 253, 253, 253, 253, 253, 253, 253, 253,
    253, 252, 253, 253, 252, 42, 0, 0, 0, 0, 0, 170, 249, 252, 253, 253, 253, 253, 253, 253,
    253, 253, 253, 253, 253, 252, 253, 253, 252, 43, 0, 0, 0, 0, 0, 169, 249, 251, 252, 253,
    253, 253, 252, 253, 252, 253, 253, 253, 253, 252, 252, 252, 252, 43, 0, 0, 0, 0, 0, 170,
    249, 251, 252, 252, 253, 252, 252, 252, 252, 252, 253, 253, 253, 253, 252, 252, 252, 42, 0, 0,
    0, 0, 0, 172, 249, 252, 252, 252, 252, 252, 252, 252, 252, 253, 253, 253, 253, 252, 252, 252,
    252, 43, 0, 0, 0, 0, 0, 169, 250, 252, 252, 252, 252, 252, 252, 252, 252, 252, 252, 253,
    253, 253, 252, 252, 252, 43, 0, 0, 0, 0, 0, 154, 250, 252, 252, 252, 253, 253, 252, 252,
    252, 252, 252, 253, 253, 253, 252, 252, 252, 43, 0, 0, 0, 0, 0, 171, 250, 251, 252, 253,
    253, 252, 252, 252, 252, 252, 252, 253, 253, 253, 252, 252, 252, 43, 0, 0, 0, 0, 0, 174,
    250, 252, 252, 253, 253, 252, 252, 252, 252, 252, 252, 253, 253, 253, 252, 252, 252, 43, 0, 0,
    0, 0, 0, 175, 250, 252, 252, 253, 253, 252, 252, 252, 252, 252, 252, 253, 253, 253, 252, 252,
    252, 43, 0, 0, 0, 0, 0, 174, 251, 252, 253, 253, 253, 252, 252, 252, 252, 252, 253, 253,
    253, 252, 252, 252, 252, 43, 0, 0, 0, 0, 0, 173, 251, 252, 253, 253, 252, 252, 252, 252,
    252, 253, 253, 253, 253, 252, 251, 251, 252, 43, 0, 0, 0, 0, 0, 156, 250, 252, 252, 253,
    252, 252, 252, 252, 252, 253, 253, 253, 253, 252, 251, 251, 252, 41, 0, 0, 0, 0, 0, 143,
    250, 252, 252, 252, 252, 252, 252, 252, 253, 253, 253, 253, 252, 251, 251, 251, 252, 40, 0, 0,
    0, 0, 0, 69, 248, 252, 252, 252, 252, 252, 252, 252, 253, 253, 253, 253, 252, 252, 251, 251,
    222, 9, 0, 0, 0, 0, 0, 0, 121, 252, 253, 253, 253, 253, 253, 253, 253, 253, 253, 253,
    253, 252, 252, 237, 42, 0, 0, 0, 0, 0, 0, 0, 3, 193, 253, 253, 253, 253, 253, 253,
    253, 253, 253, 253, 253, 253, 251, 89, 0, 0, 0, 0, 0, 0, 0, 0, 0, 46, 251, 254,
    253, 253, 253, 253, 253, 253, 253, 253, 254, 254, 168, 0, 0, 0, 0, 0, 0, 0, 0, 0,
    0, 0, 230, 253, 253, 253, 253, 253, 253, 253, 253, 253, 253, 252, 89, 0, 0, 0, 0, 0,
    0, 0, 0, 0, 0, 6, 242, 252, 253, 253, 253, 253, 253, 253, 253, 253, 252, 250, 90, 0,
    0, 0, 0, 0, 0, 0, 0, 0, 0, 77, 251, 252, 253, 253, 253, 253, 253, 253, 253, 252,
    252, 251, 153, 0, 0, 0, 0, 0, 0, 0, 0, 0, 45, 234, 252, 252, 253, 253, 253, 253,
    253, 253, 253, 252, 252, 252, 245, 70, 0, 0, 0, 0, 0, 0, 0, 49, 231, 252, 252, 252,
    253, 252, 252, 252, 252, 252, 252, 252, 252, 252, 251, 244, 82, 0, 0, 0, 0, 0, 36, 231,
    251, 252, 253, 253, 252, 252, 252, 252, 252, 252, 252, 252, 252, 252, 252, 251, 239, 42, 0, 0,
    0, 5, 202, 252, 252, 252, 253, 253, 252, 252, 252, 251, 251, 252, 252, 252, 252, 252, 252, 251,
    250, 209, 11, 0, 0, 124, 253, 253, 253, 252, 252, 252, 251, 235, 161, 117, 116, 168, 239, 252,
    252, 252, 252, 252, 252, 248, 113, 0, 17, 239, 253, 253, 253, 253, 252, 251, 169, 20, 0, 0,
    0, 0, 31, 190, 252, 252, 252, 252, 252, 250, 230, 9, 86, 251, 253, 253, 253, 252, 252, 195,
    5, 0, 0, 0, 0, 0, 0, 5, 186, 252, 252, 252, 252, 251, 248, 77, 142, 251, 253, 253,
    253, 252, 247, 43, 0, 0, 0, 0, 0, 0, 0, 0, 28, 235, 252, 252, 252, 252, 251, 155,
    184, 252, 252, 252, 252, 251, 189, 0, 0, 0, 0, 0, 0, 0, 0, 0, 0, 154, 251, 252,
    252, 252, 252, 193, 198, 252, 252, 252, 252, 251, 141, 0, 0, 0, 0, 0, 0, 0, 0, 0,
    0, 106, 251, 252, 252, 252, 252, 225, 207, 252, 252, 252, 252, 251, 141, 0, 0, 0, 0, 0,
    0, 0, 0, 0, 0, 108, 251, 252, 253, 252, 252, 227, 188, 251, 252, 252, 252, 251, 188, 0,
    0, 0, 0, 0, 0, 0, 0, 0, 0, 148, 252, 253, 253, 253, 253, 202, 141, 251, 252, 252,
    252, 252, 246, 37, 0, 0, 0, 0, 0, 0, 0, 0, 14, 230, 252, 253, 253, 253, 253, 168,
    84, 251, 252, 252, 252, 252, 252, 199, 6, 0, 0, 0, 0, 0, 0, 0, 148, 251, 252, 253,
    253, 253, 252, 99, 9, 224, 253, 253, 253, 253, 253, 254, 187, 25, 0, 0, 0, 0, 21, 163,
    250, 252, 253, 252, 252, 252, 240, 19, 0, 114, 253, 253, 253, 253, 253, 253, 252, 236, 144, 113,
    115, 149, 230, 252, 252, 252, 253, 252, 252, 251, 143, 0, 0, 11, 224, 253, 253, 253, 253, 253,
    252, 251, 250, 251, 251, 251, 252, 253, 253, 252, 252, 252, 251, 227, 21, 0, 0, 0, 57, 242,
    252, 253, 253, 253, 253, 252, 252, 252, 252, 252, 252, 252, 252, 252, 252, 251, 246, 74, 0, 0,
    0, 0, 0, 80, 243, 252, 253, 253, 253, 253, 253, 253, 252, 252, 252, 252, 252, 252, 251, 246,
    113, 0, 0, 0, 0, 0, 0, 0, 66, 229, 253, 253, 253, 253, 253, 253, 252, 252, 252, 251,
    251, 251, 233, 82, 0, 0, 0, 0, 0, 0, 0, 0, 0, 29, 165, 246, 252, 252, 253, 252,
    252, 252, 251, 250, 245, 164, 30, 0, 0, 0, 0, 0, 0, 0, 0, 0, 0, 0, 0, 21,
    111, 179, 232, 239, 239, 231, 184, 115, 27, 0, 0, 0, 0, 0, 0, 0,
};

const uint16_t SECONDS_RGB[] PROGMEM = {
    0x0000, 0x0000, 0x0000, 0x0000, 0x0000, 0x0000, 0x0000, 0x0000, 0x0000, 0x0000, 0x0000, 0x0020,
    0x41C5, 0x3123, 0x0840, 0x0000, 0x0000, 0x0000, 0x0000, 0x0000, 0x0000, 0x0000, 0x0000, 0x0000,
    0x0000, 0x0000, 0x0000, 0x0000, 0x0000, 0x0000, 0x0000, 0x0000, 0x0000, 0x0000, 0x1081, 0x5AA8,
    0x4184, 0x28E2, 0x0000, 0x0000, 0x0000, 0x0000, 0x0000, 0x0000, 0x0000, 0x0000, 0x0000, 0x0000,
    0x0000, 0x0000, 0x0000, 0x0000, 0x0000, 0x0000, 0x0000, 0x0000, 0x0000, 0x20E2, 0x62C9, 0x41C5,
    0x28E1, 0x0000, 0x0000, 0x0000, 0x0000, 0x0000, 0x0000, 0x0000, 0x0000, 0x0000, 0x0000, 0x0000,
    0x0000, 0x0000, 0x0000, 0x0000, 0x0000, 0x0000, 0x0000, 0x0000, 0x2103, 0x734B, 0x5A88, 0x20E2,
    0x0000, 0x0000, 0x0000, 0x0000, 0x0000, 0x0000, 0x0000, 0x0000, 0x0000, 0x0000, 0x0000, 0x0000,
    0x0000, 0x0000, 0x0000, 0x0000, 0x0000, 0x0000, 0x0000, 0x3163, 0x8BED, 0x6AC9, 0x18A1, 0x0000,
    0x0000, 0x0000, 0x0000, 0x0000, 0x0000, 0x0000, 0x0000, 0x0000, 0x0000, 0x0000, 0x0000, 0x0000,
    0x0000, 0x0000, 0x0000, 0x0000, 0x0000, 0x0000, 0x3984, 0xACCF, 0x7B4A, 0x28E1, 0x0020, 0x0000,
    0x0000, 0x0000, 0x0000, 0x0000, 0x0000, 0x0000, 0x0000, 0x0000, 0x0000, 0x0000, 0x0000, 0x0000,
    0x0000, 0x0000, 0x0000, 0x0000, 0x0000, 0x41C5, 0xB510, 0x940B, 0x20E1, 0x0020, 0x0000, 0x0000,
    0x0000, 0x0000, 0x0000, 0x0000, 0x0000, 0x0000, 0x0000, 0x0000, 0x0000, 0x0000, 0x0000, 0x0000,
    0x0000, 0x0000, 0x0000, 0x1061, 0x49E5, 0xC591, 0x9C2B, 0x28E1, 0x0000, 0x0000, 0x0000, 0x0000,
    0x0000, 0x0000, 0x0000, 0x0000, 0x0000, 0x0000, 0x0000, 0x0000, 0x0000, 0x0000, 0x0000, 0x0000,
    0x0000, 0x0000, 0x20A2, 0x5A66, 0xDE52, 0xA46B, 0x3122, 0x0000, 0x0000, 0x0000, 0x0000, 0x0000,
    0x0000, 0x0000, 0x0000, 0x0000, 0x0000, 0x0000, 0x0000, 0x0000, 0x0000, 0x0000, 0x0000, 0x0000,
    0x0000, 0x2923, 0x6AE8, 0xE652, 0xA46B, 0x3122, 0x18A1, 0x0000, 0x0000, 0x0000, 0x0000, 0x0000,
    0x0000, 0x0000, 0x0000, 0x0000, 0x0000, 0x0000, 0x0000, 0x0000, 0x0000, 0x0000, 0x0000, 0x0000,
    0x3964, 0x7B6A, 0xE693, 0x9C2A, 0x3942, 0x10A1, 0x0000, 0x0000, 0x0000, 0x0000, 0x0000, 0x0000,
    0x0000, 0x0000, 0x0000, 0x0000, 0x0000, 0x0000, 0x0000, 0x0000, 0x0000, 0x0000, 0x0000, 0x4184,
    0x940C, 0xD611, 0xB4CC, 0x49A4, 0x1081, 0x0000, 0x0000, 0x0000, 0x0000, 0x0000, 0x0000, 0x0000,
    0x0000, 0x0000, 0x0000, 0x0000, 0x0000, 0x0000, 0x0000, 0x0000, 0x0000, 0x3984, 0x7309, 0xCD91,
    0xD5D0, 0xC52C, 0x6266, 0x2923, 0x0020, 0x0000, 0x0000, 0x0000, 0x0000, 0x0000, 0x0000, 0x0000,
    0x0000, 0x0000, 0x0000, 0x0000, 0x0000, 0x0000, 0x0020, 0x41A4, 0x6AC7, 0xCDB1, 0xEEB4, 0xD5CF,
    0xD5AE, 0xBD0D, 0x6266, 0x2922, 0x0020, 0x0000, 0x0000, 0x0000, 0x0000, 0x0000, 0x0000, 0x0000,
    0x0000, 0x0000, 0x0000, 0x0000, 0x0000, 0x3184, 0x6287, 0xCDD2, 0xF6F6, 0xEED4, 0xEE72, 0xDDF0,
    0xE631, 0xC54E, 0x49E3, 0x20E1, 0x0000, 0x0000, 0x0000, 0x0000, 0x0000, 0x0000, 0x0000, 0x0000,
    0x0000, 0x0000, 0x0000, 0x0020, 0x41C4, 0x6AC7, 0xDE33, 0xEED5, 0xE693, 0xEE72, 0xE611, 0xE611,
    0xC54D, 0x6285, 0x2902, 0x0020, 0x0000, 0x0000, 0x0000, 0x0000, 0x0000, 0x0000, 0x0000, 0x0000,
    0x0000, 0x0000, 0x0840, 0x4A05, 0x7B28, 0xEED5, 0xEEB4, 0xDE52, 0xEE73, 0xE652, 0xDE11, 0xC54D,
    0x8367, 0x3142, 0x0861, 0x0000, 0x0000, 0x0000, 0x0000, 0x0000, 0x0000, 0x0000, 0x0000, 0x0000,
    0x0000, 0x3144, 0x6286, 0xB50E, 0xE673, 0xE673, 0xE672, 0xDE11, 0xDE10, 0xDDF0, 0xD5CF, 0xBD0D,
    0x5245, 0x2102, 0x0000, 0x0000, 0x0000, 0x0000, 0x0000, 0x0000, 0x0000, 0x0000, 0x0000, 0x0020,
    0x41A5, 0x7307, 0xCDD1, 0xE673, 0xE673, 0xE652, 0xDE10, 0xDE10, 0xDDF0, 0xDDF0, 0xCD8F, 0x6AC6,
    0x2902, 0x0020, 0x0000, 0x0000, 0x0000, 0x0000, 0x0000, 0x0000, 0x0000, 0x0000, 0x1081, 0x5206,
    0x9C4B, 0xF716, 0xE652, 0xE652, 0xDE31, 0xE651, 0xEE72, 0xE651, 0xDE11, 0xD5B0, 0x93E9, 0x3122,
    0x1081, 0x0000, 0x0000, 0x0000, 0x0000, 0x0000, 0x0000, 0x0000, 0x0000, 0x3143, 0x6287, 0xBD2E,
    0xF6F5, 0xE652, 0xE652, 0xE631, 0xE651, 0xE631, 0xEE72, 0xE632, 0xDE11, 0xA46B, 0x49C3, 0x2902,
    0x0000, 0x0000, 0x0000, 0x0000, 0x0000, 0x0000, 0x0000, 0x0000, 0x3984, 0x72E7, 0xCDD0, 0xEED5,
    0xE652, 0xE672, 0xE631, 0xE651, 0xDE10, 0xEE92, 0xE652, 0xE652, 0xB4CC, 0x5A44, 0x2922, 0x0000,
    0x0000, 0x0000, 0x0000, 0x0000, 0x0000, 0x0000, 0x18C2, 0x6286, 0xB4CD, 0xEED5, 0xE672, 0xE672,
    0xE652, 0xEE72, 0xDE31, 0xC56E, 0xE672, 0xE651, 0xDE11, 0xACAA, 0x8346, 0x4162, 0x1061, 0x0000,
    0x0000, 0x0000, 0x0000, 0x0000, 0x0000, 0x2943, 0x6AC7, 0xC56F, 0xEEB4, 0xDE10, 0xE652, 0xE631,
    0xEE93, 0xE631, 0xD5B0, 0xE652, 0xE651, 0xDDF0, 0xB4AB, 0x93E9, 0x49A3, 0x20A2, 0x0000, 0x0000,
    0x0000, 0x0000, 0x0000, 0x0000, 0x41E5, 0x7B47, 0xE652, 0xEEB4, 0xCD8D, 0xE651, 0xDE11, 0xEE93,
    0xE632, 0xE652, 0xE652, 0xE631, 0xD5CF, 0xB4CB, 0xBCED, 0x5A25, 0x28E2, 0x0000, 0x0000, 0x0000,
    0x0000, 0x0000, 0x1081, 0x49E5, 0x93EA, 0xE651, 0xDE11, 0xDE10, 0xE672, 0xD5AF, 0xF693, 0xDE11,
    0xEE93, 0xE651, 0xDE10, 0xDE10, 0xCD6D, 0xCD6F, 0x6AA7, 0x28E1, 0x0020, 0x0000, 0x0000, 0x0000,
    0x0000, 0x10A1, 0x41C4, 0x940A, 0xDE30, 0xDDF0, 0xE631, 0xEE72, 0xD5AF, 0xEE93, 0xDDF1, 0xEE72,
    0xE631, 0xDE10, 0xDE0F, 0xCD6D, 0xCD6E, 0x6AC7, 0x20C1, 0x0020, 0x0000, 0x0000, 0x0000, 0x0000,
    0x0840, 0x2902, 0x93EA, 0xD5EF, 0xE651, 0xE652, 0xE672, 0xDE11, 0xEE72, 0xDDF0, 0xD5CF, 0xDDF0,
    0xE651, 0xCD8E, 0xBD0C, 0xB4CC, 0x6286, 0x1860, 0x0000, 0x0000, 0x0000, 0x0000, 0x0000, 0x0020,
    0x2902, 0x72E7, 0xD5CF, 0xE651, 0xD5CF, 0xDE31, 0xDDF0, 0xE652, 0xDE31, 0xD5D0, 0xDE10, 0xE671,
    0xCD6D, 0xC52C, 0x93E9, 0x41A3, 0x1881, 0x0000, 0x0000, 0x0000, 0x0000, 0x0000, 0x0000, 0x20E2,
    0x6246, 0xD5D0, 0xE651, 0xC56E, 0xDDF0, 0xDDF0, 0xE631, 0xE631, 0xDDF0, 0xDE31, 0xEE72, 0xC54D,
    0xC52C, 0x8347, 0x2921, 0x1881, 0x0000, 0x0000, 0x0000, 0x0000, 0x0000, 0x0000, 0x0840, 0x3942,
    0x8B88, 0xCD6D, 0xE631, 0xE651, 0xDDCF, 0xE610, 0xE631, 0xEE72, 0xDDF0, 0xE651, 0xCD8E, 0x93C8,
    0x49A2, 0x28C1, 0x0000, 0x0000, 0x0000, 0x0000, 0x0000, 0x0000, 0x0000, 0x0020, 0x3963, 0x72E6,
    0xC54D, 0xE651, 0xE651, 0xD5CF, 0xDE10, 0xE630, 0xE651, 0xD5CF, 0xE631, 0xCD6E, 0x8B67, 0x4162,
    0x20E2, 0x0000, 0x0000, 0x0000, 0x0000, 0x0000, 0x0000, 0x0000, 0x0000, 0x2922, 0x5204, 0xC54D,
    0xE651, 0xE651, 0xD5CF, 0xDE10, 0xDE30, 0xDE10, 0xCD8E, 0xDE10, 0xC54E, 0x72E7, 0x3902, 0x1882,
    0x0000, 0x0000, 0x0000, 0x0000, 0x0000, 0x0000, 0x0000, 0x0000, 0x1060, 0x3122, 0x8BA9, 0xD5F0,
    0xDE10, 0xD5CF, 0xEE92, 0xE631, 0xDE30, 0xDE30, 0xD5CF, 0x9409, 0x5204, 0x28C1, 0x0000, 0x0000,
    0x0000, 0x0000, 0x0000, 0x0000, 0x0000, 0x0000, 0x0000, 0x0000, 0x2902, 0x7307, 0xC56E, 0xD5EF,
    0xD5F0, 0xEE92, 0xE631, 0xDE10, 0xE631, 0xCD8E, 0x8388, 0x41A3, 0x20A1, 0x0000, 0x0000, 0x0000,
    0x0000, 0x0000, 0x0000, 0x0000, 0x0000, 0x0000, 0x0000, 0x18A1, 0x49C4, 0x93E9, 0xCDAE, 0xE631,
    0xE652, 0xDE11, 0xDDF0, 0xD5EF, 0xB4AB, 0x6286, 0x20E1, 0x1020, 0x0000, 0x0000, 0x0000, 0x0000,
    0x0000, 0x0000, 0x0000, 0x0000, 0x0000, 0x0000, 0x0860, 0x3963, 0x7B27, 0xD5F0, 0xE651, 0xE652,
    0xE631, 0xE631, 0xC56E, 0x93E9, 0x49E4, 0x20E2, 0x0000, 0x0000, 0x0000, 0x0000, 0x0000, 0x0000,
    0x0000, 0x0000, 0x0000, 0x0000, 0x0000, 0x0000, 0x3123, 0x6AA6, 0xDE11, 0xE652, 0xE652, 0xE651,
    0xEE72, 0xBD0D, 0x8347, 0x3963, 0x20C2, 0x0000, 0x0000, 0x0000, 0x0000, 0x0000, 0x0000, 0x0000,
    0x0000, 0x0000, 0x0000, 0x0000, 0x0000, 0x10A1, 0x41A3, 0xB4CC, 0xE652, 0xEE72, 0xE651, 0xE651,
    0xACAB, 0x72C6, 0x20A0, 0x0000, 0x0000, 0x0000, 0x0000, 0x0000, 0x0000, 0x0000, 0x0000, 0x0000,
    0x0000, 0x0000, 0x0000, 0x0000, 0x0000, 0x2901, 0x7B27, 0xE673, 0xE672, 0xCD6D, 0xC54C, 0x93E9,
    0x3121, 0x18A1, 0x0000, 0x0000, 0x0000, 0x0000, 0x0000, 0x0000, 0x0000, 0x0000, 0x0000, 0x0000,
    0x0000, 0x0000, 0x0000, 0x0000, 0x1081, 0x5A24, 0xCDD1, 0xE672, 0xBD0C, 0xA409, 0x6AC6, 0x20C1,
    0x0000, 0x0000, 0x0000, 0x0000, 0x0000, 0x0000, 0x0000, 0x0000, 0x0000, 0x0000, 0x0000, 0x0000,
    0x0000, 0x0000, 0x0000, 0x0000, 0x41A4, 0xA46C, 0xEE92, 0xDDCF, 0x9BC8, 0x41A3, 0x20C2, 0x0000,
    0x0000, 0x0000, 0x0000, 0x0000, 0x0000, 0x0000, 0x0000, 0x0000, 0x0000, 0x0000, 0x0000, 0x0000,
    0x0000, 0x0000, 0x0000, 0x41A4, 0x8BCA, 0xE672, 0xDDCF, 0x93A8, 0x3922, 0x1881, 0x0000, 0x0000,
    0x0000, 0x0000, 0x0000, 0x0000, 0x0000, 0x0000, 0x0000, 0x0000, 0x0000, 0x0000, 0x0000, 0x0000,
    0x0000, 0x0000, 0x41A4, 0x8389, 0xDE31, 0xDDEF, 0x9BE9, 0x3142, 0x1841, 0x0000, 0x0000, 0x0000,
    0x0000, 0x0000, 0x0000, 0x0000, 0x0000, 0x0000, 0x0000, 0x0000, 0x0000, 0x0000, 0x0000, 0x0000,
    0x0000, 0x41C5, 0x7328, 0xDE10, 0xE610, 0x9C29, 0x3122, 0x1840, 0x0000, 0x0000, 0x0000, 0x0000,
    0x0000, 0x0000, 0x0000, 0x0000, 0x0000, 0x0000, 0x0000, 0x0000, 0x0000, 0x0000, 0x0000, 0x0000,
    0x49C5, 0x7B69, 0xDE31, 0xE610, 0x9C09, 0x3122, 0x18A1, 0x0000, 0x0000, 0x0000, 0x0000, 0x0000,
    0x0000, 0x0000, 0x0000, 0x0000, 0x0000, 0x0000, 0x0000, 0x0000, 0x0000, 0x0000, 0x0000, 0x4184,
    0x940B, 0xE673, 0xE631, 0x93E9, 0x3122, 0x20E1, 0x0000, 0x0000, 0x0000, 0x0000, 0x0000, 0x0000,
    0x0000, 0x0000, 0x0000, 0x0000, 0x0000, 0x0000, 0x0000, 0x0000, 0x0000, 0x0000, 0x3964, 0x9C2B,
    0xEE93, 0xD5F0, 0x93E8, 0x3122, 0x20E1, 0x0000, 0x0000, 0x0000, 0x0000, 0x0000, 0x0000, 0x0000,
    0x0000, 0x0000, 0x0000, 0x0000, 0x0000, 0x0000, 0x0000, 0x0000, 0x0000, 0x3984, 0x9C4B, 0xEE93,
    0xD5CF, 0x93E8, 0x3942, 0x18C1, 0x0000, 0x0000, 0x0000, 0x0000, 0x0000, 0x0000, 0x0000, 0x0000,
    0x0000, 0x0000, 0x0000, 0x0000, 0x0000, 0x0000, 0x0000, 0x0000, 0x3983, 0xA46B, 0xEEB3, 0xDE30,
    0x9C09, 0x3101, 0x1061, 0x0000, 0x0000, 0x0000, 0x0000, 0x0000, 0x0000, 0x0000, 0x0000, 0x0000,
    0x0000, 0x0000, 0x0000, 0x0000, 0x0000, 0x0000, 0x0000, 0x3963, 0xA48C, 0xEEB3, 0xEE72, 0x93E9,
    0x3101, 0x1041, 0x0000, 0x0000, 0x0000, 0x0000, 0x0000, 0x0000, 0x0000, 0x0000, 0x0000, 0x0000,
    0x0000, 0x0000, 0x0000, 0x0000, 0x0000, 0x0000, 0x3983, 0xACAC, 0xE692, 0xDDCF, 0x9C2A, 0x28E1,
    0x0860, 0x0000, 0x0000, 0x0000, 0x0000, 0x0000, 0x0000, 0x0000, 0x0000, 0x0000, 0x0000, 0x0000,
    0x0000, 0x0000, 0x0000, 0x0000, 0x0000, 0x41A4, 0xA48C, 0xD5F0, 0xDDEF, 0xA48A, 0x2921, 0x0000,
    0x0000, 0x0000, 0x0000, 0x0000, 0x0000, 0x0000, 0x0000, 0x0000, 0x0000, 0x0000, 0x0000, 0x0000,
    0x0000, 0x0000, 0x0000, 0x0000, 0x3983, 0xACAC, 0xEE92, 0xDE10, 0xA44A, 0x3121, 0x0000, 0x0000,
    0x0000, 0x0000, 0x0000, 0x0000, 0x0000, 0x0000, 0x0000, 0x0000, 0x0000, 0x0000, 0x0000, 0x0000,
    0x0000, 0x0000, 0x0000, 0x3963, 0xB50D, 0xEE92, 0xE631, 0xA449, 0x3101, 0x0000, 0x0000, 0x0000,
    0x0000, 0x0000, 0x0000, 0x0000, 0x0000, 0x0000, 0x0000, 0x0000, 0x0000, 0x0000, 0x0000, 0x0000,
    0x0000, 0x0000, 0x3963, 0xB50D, 0xE671, 0xDDF0, 0xA46A, 0x3101, 0x0020, 0x0000, 0x0000, 0x0000,
    0x0000, 0x0000, 0x0000, 0x0000, 0x0000, 0x0000, 0x0000, 0x0000, 0x0000, 0x0000, 0x0000, 0x0000,
    0x0000, 0x3983, 0xBD2E, 0xEE92, 0xE651, 0xA44A, 0x28E1, 0x0020, 0x0000, 0x0000, 0x0000, 0x0000,
    0x0000, 0x0000, 0x0000, 0x0000, 0x0000, 0x0000, 0x0000, 0x0000, 0x0000, 0x0000, 0x0000, 0x0000,
    0x3983, 0xBD4E, 0xEEB3, 0xE631, 0xA44A, 0x28E1, 0x0020, 0x0000, 0x0000, 0x0000, 0x0000, 0x0000,
    0x0000, 0x0000, 0x0000, 0x0000, 0x0000, 0x0000, 0x0000, 0x0000, 0x0000, 0x0000, 0x0000, 0x3983,
    0xC58F, 0xF6D4, 0xE651, 0xA44A, 0x28C1, 0x0000, 0x0000, 0x0000, 0x0000, 0x0000, 0x0000, 0x0000,
    0x0000, 0x0000, 0x0000, 0x0000, 0x0000, 0x0000, 0x0000, 0x0000, 0x0000, 0x0000, 0x41A3, 0xC58F,
    0xF6D5, 0xE631, 0xA44A, 0x28C1, 0x0020, 0x0000, 0x0000, 0x0000, 0x0000, 0x0000, 0x0000, 0x0000,
    0x0000, 0x0000, 0x0000, 0x0000, 0x0000, 0x0000, 0x0000, 0x0000, 0x0000, 0x49E4, 0xBD6F, 0xEEB4,
    0xD5EF, 0xA44A, 0x20C1, 0x0020, 0x0000, 0x0000, 0x0000, 0x0000, 0x0000, 0x0000, 0x0000, 0x0000,
    0x0000, 0x0000, 0x0000, 0x0000, 0x0000, 0x0000, 0x0000, 0x0000, 0x49E4, 0xC56F, 0xEEB4, 0xDDEF,
    0x9C09, 0x20E1, 0x0020, 0x0000, 0x0000, 0x0000, 0x0000, 0x0000, 0x0000, 0x0000, 0x0000, 0x0000,
    0x0000, 0x0000, 0x0000, 0x0000, 0x0000, 0x0000, 0x0000, 0x49E3, 0xC5B0, 0xEED4, 0xE630, 0x93C9,
    0x3102, 0x0020, 0x0000, 0x0000, 0x0000, 0x0000, 0x0000, 0x0000, 0x0000, 0x0000, 0x0000, 0x0000,
    0x0000, 0x0000, 0x0000, 0x0000, 0x0000, 0x0000, 0x41C3, 0xD5F1, 0xF6D4, 0xDE10, 0x93C9, 0x3102,
    0x0020, 0x0000, 0x0000, 0x0000, 0x0000, 0x0000, 0x0000, 0x0000, 0x0000, 0x0000, 0x0000, 0x0000,
    0x0000, 0x0000, 0x0000, 0x0000, 0x0000, 0x41A4, 0xBD4E, 0xEEB4, 0xDE10, 0x93E9, 0x3101, 0x0820,
    0x0000, 0x0000, 0x0000, 0x0000, 0x0000, 0x0000, 0x0000, 0x0000, 0x0000, 0x0000, 0x0000, 0x0000,
    0x0000, 0x0000, 0x0000, 0x0000, 0x41C4, 0xC56F, 0xEE93, 0xDE10, 0x93E9, 0x3121, 0x0020, 0x0000,
    0x0000, 0x0000, 0x0000, 0x0000, 0x0000, 0x0000, 0x0000, 0x0000, 0x0000, 0x0000, 0x0000, 0x0000,
    0x0000, 0x0000, 0x0000, 0x49C3, 0xC58F, 0xEEB4, 0xDDEF, 0x9C09, 0x3121, 0x0020, 0x0000, 0x0000,
    0x0000, 0x0000, 0x0000, 0x0000, 0x0000, 0x0000, 0x0000, 0x0000, 0x0000, 0x0000, 0x0000, 0x0000,
    0x0000, 0x0000, 0x49C3, 0xCDAF, 0xE693, 0xD5CF, 0x9BE9, 0x3121, 0x0840, 0x0000, 0x0000, 0x0000,
    0x0000, 0x0000, 0x0000, 0x0000, 0x0000, 0x0000, 0x0000, 0x0000, 0x0000, 0x0000, 0x0000, 0x0000,
    0x0000, 0x41A4, 0xCDD0, 0xEEB3, 0xDDEF, 0x9C2A, 0x28E1, 0x0020, 0x0000, 0x0000, 0x0000, 0x0000,
    0x0000, 0x0000, 0x0000, 0x0000, 0x0000, 0x0000, 0x0000, 0x0000, 0x0000, 0x0000, 0x0000, 0x0000,
    0x41A4, 0xD5F0, 0xF6D3, 0xDDEF, 0x9BE8, 0x28E1, 0x0020, 0x0000, 0x0000, 0x0000, 0x0000, 0x0000,
    0x0000, 0x0000, 0x0000, 0x0000, 0x0000, 0x0000, 0x0000, 0x0000, 0x0000, 0x0000, 0x0000, 0x49C4,
    0xD631, 0xEE92, 0xE610, 0x93C8, 0x28E1, 0x0020, 0x0000, 0x0000, 0x0000, 0x0000, 0x0000, 0x0000,
    0x0000, 0x0000, 0x0000, 0x0000, 0x0000, 0x0000, 0x0000, 0x0000, 0x0000, 0x0000, 0x49C4, 0xD631,
    0xE672, 0xE610, 0x9C09, 0x28E1, 0x0020, 0x0000, 0x0000, 0x0000, 0x0000, 0x0000, 0x0000, 0x0000,
    0x0000, 0x0000, 0x0000, 0x0000, 0x0000, 0x0000, 0x0000, 0x0000, 0x0000, 0x51E4, 0xD610, 0xE651,
    0xCD8D, 0x9C09, 0x2901, 0x0820, 0x0000, 0x0000, 0x0000, 0x0000, 0x0000, 0x0000, 0x0000, 0x0000,
    0x0000, 0x0000, 0x0000, 0x0000, 0x0000, 0x0000, 0x0000, 0x0000, 0x5205, 0xD5F0, 0xE651, 0xC54D,
    0x9C09, 0x2901, 0x0820, 0x0000, 0x0000, 0x0000, 0x0000, 0x0000, 0x0000, 0x0000, 0x0000, 0x0000,
    0x0000, 0x0000, 0x0000, 0x0000, 0x0000, 0x0000, 0x0000, 0x49E4, 0xD5F0, 0xEE72, 0xD5EF, 0x9C2A,
    0x2901, 0x0820, 0x0000, 0x0000, 0x0000, 0x0000, 0x0000, 0x0000, 0x0000, 0x0000, 0x0000, 0x0000,
    0x0000, 0x0000, 0x0000, 0x0000, 0x0000, 0x0000, 0x41C4, 0xD5F0, 0xEE92, 0xD5EF, 0xA44A, 0x28E1,
    0x0820, 0x0000, 0x0000, 0x0000, 0x0000, 0x0000, 0x0000, 0x0000, 0x0000, 0x0000, 0x0000, 0x0000,
    0x0000, 0x0000, 0x0000, 0x0000, 0x0000, 0x41E4, 0xDE11, 0xEE72, 0xE630, 0xA46A, 0x2901, 0x0820,
    0x0000, 0x0000, 0x0000, 0x0000, 0x0000, 0x0000, 0x0000, 0x0000, 0x0000, 0x0000, 0x0000, 0x0000,
    0x0000, 0x0000, 0x0000, 0x0000, 0x4A04, 0xDE11, 0xDE10, 0xDE30, 0xA44A, 0x2901, 0x0020, 0x0000,
    0x0000, 0x0000, 0x0000, 0x0000, 0x0000, 0x0000, 0x0000, 0x0000, 0x0000, 0x0000, 0x0000, 0x0000,
    0x0000, 0x0000, 0x0000, 0x4A04, 0xE652, 0xF6B3, 0xDDEF, 0x9C09, 0x2901, 0x0020, 0x0000, 0x0000,
    0x0000, 0x0000, 0x0000, 0x0000, 0x0000, 0x0000, 0x0000, 0x0000, 0x0000, 0x0000, 0x0000, 0x0000,
    0x0000, 0x0000, 0x4A04, 0xDE11, 0xEE93, 0xDE30, 0x93E9, 0x20C1, 0x0820, 0x0000, 0x0000, 0x0000,
    0x0000, 0x0000, 0x0000, 0x0000, 0x0000, 0x0000, 0x0000, 0x0000, 0x0000, 0x0000, 0x0000, 0x0000,
    0x0000, 0x5225, 0xE652, 0xEE93, 0xDE30, 0x93C8, 0x20A0, 0x0020, 0x0000, 0x0000, 0x0000, 0x0000,
    0x0000, 0x0000, 0x0000, 0x0000, 0x0000, 0x0000, 0x0000, 0x0000, 0x0000, 0x0000, 0x0000, 0x0000,
    0x5204, 0xDE11, 0xEE93, 0xD5AE, 0x93E8, 0x20C1, 0x0020, 0x0000, 0x0000, 0x0000, 0x0000, 0x0000,
    0x0000, 0x0000, 0x0000, 0x0000, 0x0000, 0x0000, 0x0000, 0x0000, 0x0000, 0x0000, 0x0000, 0x5205,
    0xD5F0, 0xEE72, 0xD5CF, 0x8BA8, 0x20E1, 0x0020, 0x0000, 0x0000, 0x0000, 0x0000, 0x0000, 0x0000,
    0x0000, 0x0000, 0x0000, 0x0000, 0x0000, 0x0000, 0x0000, 0x0000, 0x0000, 0x0000, 0x5225, 0xDDF0,
    0xEE72, 0xD5AF, 0x8B87, 0x28E2, 0x0020, 0x0000, 0x0000, 0x0000, 0x0000, 0x0000, 0x0000, 0x0000,
    0x0000, 0x0000, 0x0000, 0x0000, 0x0000, 0x0000, 0x0000, 0x0000, 0x0020, 0x5A46, 0xDE10, 0xE651,
    0xCD6E, 0x8387, 0x20E1, 0x0000, 0x0000, 0x0000, 0x0000, 0x0000, 0x0000, 0x0000, 0x0000, 0x0000,
    0x0000, 0x0000, 0x0000, 0x0000, 0x0000, 0x0000, 0x0000, 0x0840, 0x5A66, 0xDE11, 0xEE92, 0xCD6E,
    0x8BA8, 0x20E1, 0x0000, 0x0000, 0x0000, 0x0000, 0x0000, 0x0000, 0x0000, 0x0000, 0x0000, 0x0000,
    0x0000, 0x0000, 0x0000, 0x0000, 0x0000, 0x0000, 0x0840, 0x5245, 0xDE31, 0xEEB3, 0xD5AF, 0x8BA9,
    0x20C1, 0x0000, 0x0000, 0x0000, 0x0000, 0x0000, 0x0000, 0x0000, 0x0000, 0x0000, 0x0000, 0x0000,
    0x0000, 0x0000, 0x0000, 0x0000, 0x0000, 0x0840, 0x5225, 0xDE31, 0xEE92, 0xD5CF, 0x93C9, 0x20C0,
    0x0000, 0x0000, 0x0000, 0x0000, 0x0000, 0x0000, 0x0000, 0x0000, 0x0000, 0x0000, 0x0000, 0x0000,
    0x0000, 0x0000, 0x0000, 0x0000, 0x0840, 0x5225, 0xDE31, 0xE672, 0xD5CF, 0x93E9, 0x20C1, 0x0000,
    0x0000, 0x0000, 0x0000, 0x0000, 0x0000, 0x0000, 0x0000, 0x0000, 0x0000, 0x0000, 0x0000, 0x0000,
    0x0000, 0x0000, 0x0000, 0x0840, 0x5A45, 0xDE10, 0xE652, 0xD5EF, 0x93E9, 0x20C1, 0x0000, 0x0000,
    0x0000, 0x0000, 0x0000, 0x0000, 0x0000, 0x0000, 0x0000, 0x0000, 0x0000, 0x0000, 0x0000, 0x0000,
    0x0000, 0x0000, 0x0840, 0x5A25, 0xD5F0, 0xEEB3, 0xD5CF, 0x93E9, 0x20E1, 0x0000, 0x0000, 0x0000,
    0x0000, 0x0000, 0x0000, 0x0000, 0x0000, 0x0000, 0x0000, 0x0000, 0x0000, 0x0000, 0x0000, 0x0000,
    0x0000, 0x0000, 0x5225, 0xDE31, 0xEEB3, 0xD5CF, 0x93E8, 0x20E1, 0x0000, 0x0000, 0x0000, 0x0000,
    0x0000, 0x0000, 0x0000, 0x0000, 0x0000, 0x0000, 0x0000, 0x0000, 0x0000, 0x0000, 0x0000, 0x0000,
    0x0000, 0x5204, 0xE671, 0xEE93, 0xE630, 0x93E9, 0x20E1, 0x0000, 0x0000, 0x0000, 0x0000, 0x0000,
    0x0000, 0x0000, 0x0000, 0x0000, 0x0000, 0x0000, 0x0000, 0x0000, 0x0000, 0x0000, 0x0000, 0x0000,
    0x49E4, 0xE672, 0xEE72, 0xDDF0, 0x8BA8, 0x20E1, 0x0000, 0x0000, 0x0000, 0x0000, 0x0000, 0x0000,
    0x0000, 0x0000, 0x0000, 0x0000, 0x0000, 0x0000, 0x0000, 0x0000, 0x0000, 0x0000, 0x0860, 0x5204,
    0xDE31, 0xE631, 0xDDF0, 0x8B87, 0x20E1, 0x0000, 0x0000, 0x0000, 0x0000, 0x0000, 0x0000, 0x0000,
    0x0000, 0x0000, 0x0000, 0x0000, 0x0000, 0x0000, 0x0000, 0x0000, 0x0000, 0x0860, 0x5245, 0xE652,
    0xE631, 0xDE10, 0x8B87, 0x2902, 0x0000, 0x0000, 0x0000, 0x0000, 0x0000, 0x0000, 0x0000, 0x0000,
    0x0000, 0x0000, 0x0000, 0x0000, 0x0000, 0x0000, 0x0000, 0x0000, 0x0861, 0x5A45, 0xE652, 0xEE72,
    0xD5CF, 0x93E9, 0x20E1, 0x0000, 0x0000, 0x0000, 0x0000, 0x0000, 0x0000, 0x0000, 0x0000, 0x0000,
    0x0000, 0x0000, 0x0000, 0x0000, 0x0000, 0x0000, 0x0000, 0x1081, 0x5A65, 0xDE31, 0xEE71, 0xDDEF,
    0x9C09, 0x2901, 0x0000, 0x0000, 0x0000, 0x0000, 0x0000, 0x0000, 0x0000, 0x0000, 0x0000, 0x0000,
    0x0000, 0x0000, 0x0000, 0x0000, 0x0000, 0x0000, 0x1061, 0x5A45, 0xE651, 0xEE92, 0xDE10, 0x9C29,
    0x2901, 0x0000, 0x0000, 0x0000, 0x0000, 0x0000, 0x0000, 0x0000, 0x0000, 0x0000, 0x0000, 0x0000,
    0x0000, 0x0000, 0x0000, 0x0000, 0x0000, 0x1061, 0x5A45, 0xE651, 0xEE71, 0xD5CF, 0x9C29, 0x2901,
    0x0000, 0x0000, 0x0000, 0x0000, 0x0000, 0x0000, 0x0000, 0x0000, 0x0000, 0x0000, 0x0000, 0x0000,
    0x0000, 0x0000, 0x0000, 0x0000, 0x1060, 0x5A65, 0xDE51, 0xEE92, 0xD5CF, 0x9C09, 0x2901, 0x0000,
    0x0000, 0x0000, 0x0000, 0x0000, 0x0000, 0x0000, 0x0000, 0x0000, 0x0000, 0x0000, 0x0000, 0x0000,
    0x0000, 0x0000, 0x0000, 0x1061, 0x6265, 0xDE51, 0xEEB3, 0xD5CF, 0x9BE9, 0x28C1, 0x0000, 0x0000,
    0x0000, 0x0000, 0x0000, 0x0000, 0x0000, 0x0000, 0x0000, 0x0000, 0x0000, 0x0000, 0x0000, 0x0000,
    0x0000, 0x0000, 0x1081, 0x6265, 0xE672, 0xEEB2, 0xD5EF, 0x93C9, 0x28E1, 0x0000, 0x0000, 0x0000,
    0x0000, 0x0000, 0x0000, 0x0000, 0x0000, 0x0000, 0x0000, 0x0000, 0x0000, 0x0000, 0x0000, 0x0000,
    0x0000, 0x1061, 0x6286, 0xE651, 0xEE92, 0xCDAE, 0x8BA8, 0x28E2, 0x0000, 0x0000, 0x0000, 0x0000,
    0x0000, 0x0000, 0x0000, 0x0000, 0x0000, 0x0000, 0x0000, 0x0000, 0x0000, 0x0000, 0x0000, 0x0000,
    0x1061, 0x6286, 0xDE51, 0xE671, 0xCD8D, 0x93E9, 0x2902, 0x0000, 0x0000, 0x0000, 0x0000, 0x0000,
    0x0000, 0x0000, 0x0000, 0x0000, 0x0000, 0x0000, 0x0000, 0x0000, 0x0000, 0x0000, 0x0000, 0x0860,
    0x5A65, 0xDE30, 0xEE71, 0xCD8D, 0x93EA, 0x2902, 0x0000, 0x0000, 0x0000, 0x0000, 0x0000, 0x0000,
    0x0000, 0x0000, 0x0000, 0x0000, 0x0000, 0x0000, 0x0000, 0x0000, 0x0000, 0x0000, 0x1060, 0x6285,
    0xE652, 0xF6B3, 0xCDAE, 0x8BA8, 0x2901, 0x0000, 0x0000, 0x0000, 0x0000, 0x0000, 0x0000, 0x0000,
    0x0000, 0x0000, 0x0000, 0x0000, 0x0000, 0x0000, 0x0000, 0x0000, 0x0000, 0x1081, 0x6285, 0xE652,
    0xE672, 0xD5CE, 0x8B88, 0x2921, 0x0000, 0x0000, 0x0000, 0x0000, 0x0000, 0x0000, 0x0000, 0x0000,
    0x0000, 0x0000, 0x0000, 0x0000, 0x0000, 0x0000, 0x0000, 0x0000, 0x1060, 0x6265, 0xE651, 0xE651,
    0xD5EF, 0x9C0A, 0x2921, 0x0000, 0x0000, 0x0000, 0x0000, 0x0000, 0x0000, 0x0000, 0x0000, 0x0000,
    0x0000, 0x0000, 0x0000, 0x0000, 0x0000, 0x0000, 0x0000, 0x1080, 0x6AA7, 0xE651, 0xE651, 0xD5AF,
    0x93EA, 0x3101, 0x0000, 0x0000, 0x0000, 0x0000, 0x0000, 0x0000, 0x0000, 0x0000, 0x0000, 0x0000,
    0x0000, 0x0000, 0x0000, 0x0000, 0x0000, 0x0000, 0x1080, 0x6AC8, 0xEE92, 0xEE92, 0xCD8E, 0x93CA,
    0x2901, 0x0000, 0x0000, 0x0000, 0x0000, 0x0000, 0x0000, 0x0000, 0x0000, 0x0000, 0x0000, 0x0000,
    0x0000, 0x0000, 0x0000, 0x0000, 0x0000, 0x1060, 0x62A7, 0xEEB3, 0xEE92, 0xDE10, 0x8BC9, 0x28E1,
    0x0000, 0x0000, 0x0000, 0x0000, 0x0000, 0x0000, 0x0000, 0x0000, 0x0000, 0x0000, 0x0000, 0x0000,
    0x0000, 0x0000, 0x0000, 0x0000, 0x1060, 0x62A7, 0xEEB3, 0xEE92, 0xDDF0, 0x8BC9, 0x28E1, 0x0000,
    0x0000, 0x0000, 0x0000, 0x0000, 0x0000, 0x0000, 0x0000, 0x0000, 0x0000, 0x0000, 0x0000, 0x0000,
    0x0000, 0x0000, 0x0000, 0x1060, 0x72E7, 0xEE92, 0xE671, 0xCDAE, 0x8BA9, 0x28E1, 0x0000, 0x0000,
    0x0000, 0x0000, 0x0000, 0x0000, 0x0000, 0x0000, 0x0000, 0x0000, 0x0000, 0x0000, 0x0000, 0x0000,
    0x0000, 0x0000, 0x1060, 0x72E7, 0xE672, 0xE651, 0xCDAE, 0x8B88, 0x2902, 0x0000, 0x0000, 0x0000,
    0x0000, 0x0000, 0x0000, 0x0000, 0x0000, 0x0000, 0x0000, 0x0000, 0x0000, 0x0000, 0x0000, 0x0000,
    0x0000, 0x1080, 0x6AC6, 0xEE92, 0xE671, 0xD5CE, 0x8BA8, 0x3122, 0x0000, 0x0000, 0x0000, 0x0000,
    0x0000, 0x0000, 0x0000, 0x0000, 0x0000, 0x0000, 0x0000, 0x0000, 0x0000, 0x0000, 0x0000, 0x0000,
    0x1080, 0x6AE7, 0xEEB3, 0xE692, 0xD5CE, 0x8BC8, 0x3142, 0x0000, 0x0000, 0x0000, 0x0000, 0x0000,
    0x0000, 0x0000, 0x0000, 0x0000, 0x0000, 0x0000, 0x0000, 0x0000, 0x0000, 0x0000, 0x0000, 0x1080,
    0x72E7, 0xE692, 0xE672, 0xDE10, 0x8BC8, 0x3142, 0x0000, 0x0000, 0x0000, 0x0000, 0x0000, 0x0000,
    0x0000, 0x0000, 0x0000, 0x0000, 0x0000, 0x0000, 0x0000, 0x0000, 0x0000, 0x0000, 0x1080, 0x7B28,
    0xE672, 0xEEB2, 0xD5EF, 0x8BC8, 0x3142, 0x0000, 0x0000, 0x0000, 0x0000, 0x0000, 0x0000, 0x0000,
    0x0000, 0x0000, 0x0000, 0x0000, 0x0000, 0x0000, 0x0000, 0x0000, 0x0000, 0x1080, 0x7B27, 0xEEB2,
    0xF6D3, 0xD5CF, 0x8BC8, 0x3142, 0x0000, 0x0000, 0x0000, 0x0000, 0x0000, 0x0000, 0x0000, 0x0000,
    0x0000, 0x0000, 0x0000, 0x0000, 0x0000, 0x0000, 0x0000, 0x0000, 0x1060, 0x8347, 0xEE92, 0xEE92,
    0xD5CF, 0x8BC8, 0x3122, 0x0000, 0x0000, 0x0000, 0x0000, 0x0000, 0x0000, 0x0000, 0x0000, 0x0000,
    0x0000, 0x0000, 0x0000, 0x0000, 0x0000, 0x0000, 0x0000, 0x1081, 0x7B48, 0xE671, 0xDE30, 0xD5EF,
    0x93C9, 0x3943, 0x0000, 0x0000, 0x0000, 0x0000, 0x0000, 0x0000, 0x0000, 0x0000, 0x0000, 0x0000,
    0x0000, 0x0000, 0x0000, 0x0000, 0x0000, 0x0000, 0x18C1, 0x7B48, 0xE630, 0xE671, 0xD5EF, 0x93E9,
    0x3942, 0x0000, 0x0000, 0x0000, 0x0000, 0x0000, 0x0000, 0x0000, 0x0000, 0x0000, 0x0000, 0x0000,
    0x0000, 0x0000, 0x0000, 0x0000, 0x0000, 0x18C1, 0x7327, 0xE650, 0xEE91, 0xDE10, 0x93A9, 0x3983,
    0x0000, 0x0000, 0x0000, 0x0000, 0x0000, 0x0000, 0x0000, 0x0000, 0x0000, 0x0000, 0x0000, 0x0000,
    0x0000, 0x0000, 0x0000, 0x0000, 0x18A0, 0x7B27, 0xEE71, 0xE630, 0xE631, 0x8BA9, 0x3983, 0x0000,
    0x0000, 0x0000, 0x0000, 0x0000, 0x0000, 0x0000, 0x0000, 0x0000, 0x0000, 0x0000, 0x0000, 0x0000,
    0x0000, 0x0000, 0x0000, 0x10A0, 0x8368, 0xEE92, 0xDE0F, 0xD5CF, 0x8B88, 0x3163, 0x0000, 0x0000,
    0x0000, 0x0000, 0x0000, 0x0000, 0x0000, 0x0000, 0x0000, 0x0000, 0x0000, 0x0000, 0x0000, 0x0000,
    0x0000, 0x0000, 0x20E1, 0x8388, 0xEE91, 0xEE71, 0xCDAE, 0x8368, 0x2922, 0x0000, 0x0000, 0x0000,
    0x0000, 0x0000, 0x0000, 0x0000, 0x0000, 0x0000, 0x0000, 0x0000, 0x0000, 0x0000, 0x0000, 0x0000,
    0x0000, 0x2101, 0x8368, 0xE651, 0xEE92, 0xD5CF, 0x8368, 0x20E2, 0x0000, 0x0000, 0x0000, 0x0000,
    0x0000, 0x0000, 0x0000, 0x0000, 0x0000, 0x0000, 0x0000, 0x0000, 0x0000, 0x0000, 0x0000, 0x0000,
    0x2101, 0x7B48, 0xE630, 0xE630, 0xD5CF, 0x8368, 0x20C1, 0x0000, 0x0000, 0x0000, 0x0000, 0x0000,
    0x0000, 0x0000, 0x0000, 0x0000, 0x0000, 0x0000, 0x0000, 0x0000, 0x0000, 0x0000, 0x0000, 0x2101,
    0x8389, 0xE651, 0xDE0F, 0xD58E, 0x8368, 0x20E1, 0x0000, 0x0000, 0x0000, 0x0000, 0x0000, 0x0000,
    0x0000, 0x0000, 0x0000, 0x0000, 0x0000, 0x0000, 0x0000, 0x0000, 0x0000, 0x0000, 0x20E1, 0x8BAA,
    0xEE71, 0xE650, 0xD5AF, 0x8368, 0x20C1, 0x0000, 0x0000, 0x0000, 0x0000, 0x0000, 0x0000, 0x0000,
    0x0000, 0x0000, 0x0000, 0x0000, 0x0000, 0x0000, 0x0000, 0x0000, 0x0000, 0x20E1, 0x8369, 0xEE71,
    0xE630, 0xDDEF, 0x8B89, 0x20C1, 0x0000, 0x0000, 0x0000, 0x0000, 0x0000, 0x0000, 0x0000, 0x0000,
    0x0000, 0x0000, 0x0000, 0x0000, 0x0000, 0x0000, 0x0000, 0x0000, 0x2101, 0x7B28, 0xEE91, 0xEE71,
    0xDE30, 0x8348, 0x20C1, 0x0000, 0x0000, 0x0000, 0x0000, 0x0000, 0x0000, 0x0000, 0x0000, 0x0000,
    0x0000, 0x0000, 0x0000, 0x0000, 0x0000, 0x0000, 0x0000, 0x2121, 0x7B28, 0xE671, 0xF6D3, 0xD5EF,
    0x8368, 0x20E1, 0x0000, 0x0000, 0x0000, 0x0000, 0x0000, 0x0000, 0x0000, 0x0000, 0x0000, 0x0000,
    0x0000, 0x0000, 0x0000, 0x0000, 0x0000, 0x0000, 0x2942, 0x8388, 0xE651, 0xEE71, 0xCD6D, 0x7B27,
    0x20E1, 0x0000, 0x0000, 0x0000, 0x0000, 0x0000, 0x0000, 0x0000, 0x0000, 0x0000, 0x0000, 0x0000,
    0x0000, 0x0000, 0x0000, 0x0000, 0x0000, 0x2102, 0x8388, 0xEE92, 0xEE92, 0xD5AE, 0x7B07, 0x20E1,
    0x0000, 0x0000, 0x0000, 0x0000, 0x0000, 0x0000, 0x0000, 0x0000, 0x0000, 0x0000, 0x0000, 0x0000,
    0x0000, 0x0000, 0x0000, 0x0000, 0x2922, 0x8B8A, 0xEE93, 0xEE93, 0xCD8E, 0x72E6, 0x20C1, 0x0000,
    0x0000, 0x0000, 0x0000, 0x0000, 0x0000, 0x0000, 0x0000, 0x0000, 0x0000, 0x0000, 0x0000, 0x0000,
    0x0000, 0x0000, 0x0000, 0x2962, 0x8389, 0xEE72, 0xE651, 0xD5EF, 0x7B07, 0x20C1, 0x0000, 0x0000,
    0x0000, 0x0000, 0x0000, 0x0000, 0x0000, 0x0000, 0x0000, 0x0000, 0x0000, 0x0000, 0x0000, 0x0000,
    0x0000, 0x0000, 0x2922, 0x8BA9, 0xE651, 0xE672, 0xCD8E, 0x8B69, 0x18A1, 0x0000, 0x0000, 0x0000,
    0x0000, 0x0000, 0x0000, 0x0000, 0x0000, 0x0000, 0x0000, 0x0000, 0x0000, 0x0000, 0x0000, 0x0000,
    0x0000, 0x2902, 0x8348, 0xE651, 0xEE92, 0xD5AE, 0x8B89, 0x18C1, 0x0000, 0x0000, 0x0000, 0x0000,
    0x0000, 0x0000, 0x0000, 0x0000, 0x0000, 0x0000, 0x0000, 0x0000, 0x0000, 0x0000, 0x0000, 0x0000,
    0x2902, 0x7B48, 0xE630, 0xEE71, 0xD5EF, 0x8368, 0x20C1, 0x0000, 0x0000, 0x0000, 0x0000, 0x0000,
    0x0000, 0x0000, 0x0000, 0x0000, 0x0000, 0x0000, 0x0000, 0x0000, 0x0000, 0x0000, 0x0000, 0x2102,
    0x8368, 0xDE30, 0xE671, 0xD5EF, 0x8348, 0x20C1, 0x0000, 0x0000, 0x0000, 0x0000, 0x0000, 0x0000,
    0x0000, 0x0000, 0x0000, 0x0000, 0x0000, 0x0000, 0x0000, 0x0000, 0x0000, 0x0000, 0x20E2, 0x8388,
    0xDE50, 0xE630, 0xDDEF, 0x8328, 0x20C1, 0x0000, 0x0000, 0x0000, 0x0000, 0x0000, 0x0000, 0x0000,
    0x0000, 0x0000, 0x0000, 0x0000, 0x0000, 0x0000, 0x0000, 0x0000, 0x0000, 0x20E2, 0x8BA9, 0xE671,
    0xDE30, 0xDE10, 0x7B07, 0x20C1, 0x0000, 0x0000, 0x0000, 0x0000, 0x0000, 0x0000, 0x0000, 0x0000,
    0x0000, 0x0000, 0x0000, 0x0000, 0x0000, 0x0000, 0x0000, 0x0000, 0x20E2, 0x8BC9, 0xEE92, 0xEE71,
    0xDE10, 0x7B07, 0x20C1, 0x0000, 0x0000, 0x0000, 0x0000, 0x0000, 0x0000, 0x0000, 0x0000, 0x0000,
    0x0000, 0x0000, 0x0000, 0x0000, 0x0000, 0x0000, 0x0000, 0x2102, 0x8BC9, 0xEE92, 0xEE92, 0xDE30,
    0x8348, 0x18A1, 0x0000, 0x0000, 0x0000, 0x0000, 0x0000, 0x0000, 0x0000, 0x0000, 0x0000, 0x0000,
    0x0000, 0x0000, 0x0000, 0x0000, 0x0000, 0x0000, 0x20E2, 0x8B89, 0xE672, 0xDE31, 0xD5CF, 0x8348,
    0x18A1, 0x0000, 0x0000, 0x0000, 0x0000, 0x0000, 0x0000, 0x0000, 0x0000, 0x0000, 0x0000, 0x0000,
    0x0000, 0x0000, 0x0000, 0x0000, 0x0000, 0x2902, 0x93AA, 0xE692, 0xE651, 0xD5AE, 0x72C6, 0x18A1,
    0x0000, 0x0000, 0x0000, 0x0000, 0x0000, 0x0000, 0x0000, 0x0000, 0x0000, 0x0000, 0x0000, 0x0000,
    0x0000, 0x0000, 0x0000, 0x0000, 0x2902, 0x8B89, 0xDE30, 0xEE91, 0xDE10, 0x6AC7, 0x18A1, 0x0000,
    0x0000, 0x0000, 0x0000, 0x0000, 0x0000, 0x0000, 0x0000, 0x0000, 0x0000, 0x0000, 0x0000, 0x0000,
    0x0000, 0x0000, 0x0000, 0x2903, 0x8BA9, 0xE691, 0xEE92, 0xDE10, 0x6AA6, 0x1881, 0x0000, 0x0000,
    0x0000, 0x0000, 0x0000, 0x0000, 0x0000, 0x0000, 0x0000, 0x0000, 0x0000, 0x0000, 0x0000, 0x0000,
    0x0000, 0x0000, 0x20E2, 0x72E6, 0xE651, 0xEE71, 0xDDF0, 0x5A24, 0x1881, 0x0000, 0x0000, 0x0000,
    0x0000, 0x0000, 0x0000, 0x0000, 0x0000, 0x0000, 0x0000, 0x0000, 0x0000, 0x0000, 0x0000, 0x0000,
    0x0000, 0x20C2, 0x7B27, 0xEEB3, 0xEE72, 0xDE10, 0x72E7, 0x1881, 0x0000, 0x0000, 0x0000, 0x0000,
    0x0000, 0x0000, 0x0000, 0x0000, 0x0000, 0x0000, 0x0000, 0x0000, 0x0000, 0x0000, 0x0000, 0x0000,
    0x2903, 0x8348, 0xE672, 0xEE92, 0xD5D0, 0x6A85, 0x18A1, 0x0000, 0x0000, 0x0000, 0x0000, 0x0000,
    0x0000, 0x0000, 0x0000, 0x0000, 0x0000, 0x0000, 0x0000, 0x0000, 0x0000, 0x0000, 0x0000, 0x3943,
    0x93CA, 0xD5CF, 0xE673, 0xBD4E, 0x5A46, 0x20C2, 0x0020, 0x0000, 0x0000, 0x0000, 0x0000, 0x0000,
    0x0000, 0x0000, 0x0000, 0x0000, 0x0000, 0x0000, 0x0000, 0x0000, 0x0000, 0x0841, 0x4984, 0xA40B,
    0xC50C, 0xC54E, 0x7B69, 0x3164, 0x2903, 0x18A2, 0x0000, 0x0000, 0x0000, 0x0000, 0x0000, 0x0000,
    0x0000, 0x0000, 0x0000, 0x0000, 0x0000, 0x0000, 0x0000, 0x0841, 0x49E6, 0x7309, 0x8328, 0x7B06,
    0x62A6, 0x3144, 0x20E3, 0x3985, 0x3964, 0x1081, 0x0000, 0x0000, 0x0000, 0x0000, 0x0000, 0x0000,
    0x0000, 0x0000, 0x0000, 0x0000, 0x0000, 0x0840, 0x3144, 0x836B, 0x6287, 0x3963, 0x28E2, 0x20A1,
    0x1061, 0x1081, 0x2923, 0x3983, 0x3143, 0x1061, 0x0000, 0x0000, 0x0000, 0x0000, 0x0000, 0x0000,
    0x0000, 0x0000, 0x0000, 0x0000, 0x2943, 0x5226, 0x5226, 0x1881, 0x1040, 0x0861, 0x0861, 0x1061,
    0x0840, 0x0840, 0x18A1, 0x3163, 0x3123, 0x1061, 0x0000, 0x0000, 0x0000, 0x0000, 0x0000, 0x0000,
    0x0000, 0x0000, 0x1081, 0x5246, 0x41C5, 0x1040, 0x0820, 0x1882, 0x2903, 0x2102, 0x2923, 0x18A1,
    0x0840, 0x0840, 0x1060, 0x51E5, 0x20C1, 0x0000, 0x0000, 0x0000, 0x0000, 0x0000, 0x0000, 0x0000,
    0x0000, 0x20E2, 0x62A8, 0x1061, 0x0820, 0x1881, 0x3964, 0x49C5, 0x51E4, 0x49E4, 0x4184, 0x18A1,
    0x0841, 0x1060, 0x3983, 0x3102, 0x0820, 0x0000, 0x0000, 0x0000, 0x0000, 0x0000, 0x0000, 0x0000,
    0x3163, 0x3984, 0x0820, 0x0821, 0x41A5, 0x41A5, 0x2080, 0x20A1, 0x20C0, 0x28C1, 0x41A5, 0x1881,
    0x1081, 0x18A1, 0x3123, 0x1880, 0x0000, 0x0000, 0x0000, 0x0000, 0x0000, 0x0000, 0x1040, 0x41A5,
    0x1881, 0x0840, 0x1061, 0x5A26, 0x20A0, 0x1881, 0x1040, 0x1881, 0x2901, 0x3962, 0x3984, 0x1081,
    0x0840, 0x3964, 0x20C1, 0x0000, 0x0000, 0x0000, 0x0000, 0x0000, 0x0000, 0x1060, 0x49C5, 0x3923,
    0x0840, 0x28E2, 0x3122, 0x28E1, 0x1040, 0x0000, 0x0820, 0x20A0, 0x3942, 0x3963, 0x1061, 0x0820,
    0x3123, 0x1860, 0x0000, 0x0000, 0x0000, 0x0000, 0x0000, 0x0000, 0x0840, 0x3943, 0x3103, 0x0841,
    0x18C1, 0x2902, 0x20C1, 0x0820, 0x0000, 0x0000, 0x1880, 0x3942, 0x3122, 0x1081, 0x1081, 0x3144,
    0x20A1, 0x0000, 0x0000, 0x0000, 0x0000, 0x0000, 0x0000, 0x0820, 0x3943, 0x1881, 0x0821, 0x1061,
    0x3143, 0x3922, 0x20A0, 0x1020, 0x1860, 0x3942, 0x3942, 0x3143, 0x1061, 0x0861, 0x3143, 0x1861,
    0x0000, 0x0000, 0x0000, 0x0000, 0x0000, 0x0000, 0x0000, 0x28E2, 0x28E3, 0x0841, 0x0840, 0x3143,
    0x3942, 0x3941, 0x3902, 0x3943, 0x3942, 0x3143, 0x2903, 0x0841, 0x1040, 0x3143, 0x1061, 0x0000,
    0x0000, 0x0000, 0x0000, 0x0000, 0x0000, 0x0000, 0x1081, 0x3143, 0x1061, 0x0840, 0x28E2, 0x3943,
    0x3143, 0x3942, 0x3143, 0x3143, 0x3143, 0x1081, 0x0820, 0x20E2, 0x3143, 0x0840, 0x0000, 0x0000,
    0x0000, 0x0000, 0x0000, 0x0000, 0x0000, 0x0861, 0x3143, 0x20E2, 0x0820, 0x0820, 0x3143, 0x3143,
    0x3143, 0x3144, 0x3143, 0x2102, 0x0040, 0x1040, 0x3143, 0x28E2, 0x0000, 0x0000, 0x0000, 0x0000,
    0x0000, 0x0000, 0x0000, 0x0000, 0x0020, 0x28E2, 0x3143, 0x18A1, 0x0840, 0x0820, 0x1881, 0x18A2,
    0x2103, 0x0860, 0x0861, 0x10A2, 0x2903, 0x3143, 0x0840, 0x0000, 0x0000, 0x0000, 0x0000, 0x0000,
    0x0000, 0x0000, 0x0000, 0x0000, 0x0840, 0x20E2, 0x3143, 0x18A1, 0x1881, 0x0840, 0x0820, 0x0840,
    0x1081, 0x18C2, 0x2945, 0x2944, 0x1060, 0x0000, 0x0000, 0x0000, 0x0000, 0x0000, 0x0000, 0x0000,
    0x0000, 0x0000, 0x0000, 0x0000, 0x0840, 0x2902, 0x3143, 0x3143, 0x1880, 0x1060, 0x1860, 0x3144,
    0x3144, 0x3144, 0x1061, 0x0020, 0x0000, 0x0000, 0x0000, 0x0000, 0x0000, 0x0000, 0x0000, 0x0000,
    0x0000, 0x0000, 0x0000, 0x0000, 0x0840, 0x3122, 0x3122, 0x3143, 0x3943, 0x3143, 0x3943, 0x28A1,
    0x1061, 0x0000, 0x0000, 0x0000, 0x0000, 0x0000, 0x0000, 0x0000, 0x0000, 0x0000, 0x0000, 0x0000,
    0x0000, 0x0000, 0x0000, 0x0000, 0x20A1, 0x2902, 0x1061, 0x1061, 0x1881, 0x20C2, 0x1881, 0x0840,
    0x0000, 0x0000, 0x0000, 0x0000, 0x0000, 0x0000, 0x0000, 0x0000, 0x0000, 0x0000, 0x0000, 0x0000,
    0x0000, 0x0000, 0x0000, 0x18A1, 0x28E2, 0x1082, 0x0841, 0x0840, 0x1881, 0x1060, 0x0000, 0x0000,
    0x0000, 0x0000, 0x0000, 0x0000, 0x0000, 0x0000, 0x0000, 0x0000, 0x0000, 0x0000, 0x0000, 0x0000,
    0x0000, 0x0000, 0x1881, 0x28E2, 0x18A2, 0x0861, 0x0840, 0x3123, 0x20A1, 0x0000, 0x0000, 0x0000,
    0x0000, 0x0000, 0x0000, 0x0000, 0x0000, 0x0000, 0x0000, 0x0000, 0x0000, 0x0000, 0x0000, 0x0000,
    0x0000, 0x1061, 0x20A2, 0x18C2, 0x0861, 0x0040, 0x3123, 0x20A1, 0x0000, 0x0000, 0x0000, 0x0000,
    0x0000, 0x0000, 0x0000, 0x0000, 0x0000, 0x0000, 0x0000, 0x0000, 0x0000, 0x0000, 0x0000, 0x0000,
    0x0840, 0x1861, 0x10A2, 0x0841, 0x0040, 0x1881, 0x1881, 0x0000, 0x0000, 0x0000, 0x0000, 0x0000,
    0x0000, 0x0000, 0x0000, 0x0000, 0x0000, 0x0000, 0x0000, 0x0000, 0x0000, 0x0000, 0x0000, 0x0840,
    0x20C2, 0x0840, 0x0020, 0x0841, 0x1881, 0x18A1, 0x0000, 0x0000, 0x0000, 0x0000, 0x0000, 0x0000,
    0x0000, 0x0000, 0x0000, 0x0000, 0x0000, 0x0000, 0x0000, 0x0000, 0x0000, 0x0000, 0x0840, 0x3124,
    0x0020, 0x0020, 0x0861, 0x18A2, 0x18A2, 0x0000, 0x0000, 0x0000, 0x0000, 0x0000, 0x0000, 0x0000,
    0x0000, 0x0000, 0x0000, 0x0000, 0x0000, 0x0000, 0x0000, 0x0000, 0x0000, 0x0840, 0x2903, 0x0841,
    0x0841, 0x1061, 0x1061, 0x1081, 0x0000, 0x0000, 0x0000, 0x0000, 0x0000, 0x0000, 0x0000, 0x0000,
    0x0000, 0x0000, 0x0000, 0x0000, 0x0000, 0x0000, 0x0000, 0x0000, 0x0840, 0x18A1, 0x0841, 0x0861,
    0x18A2, 0x0841, 0x1881, 0x0000, 0x0000, 0x0000, 0x0000, 0x0000, 0x0000, 0x0000, 0x0000, 0x0000,
    0x0000, 0x0000, 0x0000, 0x0000, 0x0000, 0x0000, 0x0000, 0x0861, 0x20C2, 0x0841, 0x0841, 0x3124,
    0x0841, 0x1881, 0x0000, 0x0000, 0x0000, 0x0000, 0x0000, 0x0000, 0x0000, 0x0000, 0x0000, 0x0000,
    0x0000, 0x0000, 0x0000, 0x0000, 0x0000, 0x0000, 0x0841, 0x20E2, 0x0841, 0x0840, 0x20C2, 0x1041,
    0x1881, 0x0000, 0x0000, 0x0000, 0x0000, 0x0000, 0x0000, 0x0000, 0x0000, 0x0000, 0x0000, 0x0000,
    0x0000, 0x0000, 0x0000, 0x0000, 0x0000, 0x0840, 0x18C2, 0x0841, 0x0841, 0x1061, 0x1081, 0x1081,
    0x0000, 0x0000, 0x0000, 0x0000, 0x0000, 0x0000, 0x0000, 0x0000, 0x0000, 0x0000, 0x0000, 0x0000,
    0x0000, 0x0000, 0x0000, 0x0000, 0x0841, 0x18A2, 0x0861, 0x0841, 0x0841, 0x18A2, 0x1081, 0x0000,
    0x0000, 0x0000, 0x0000, 0x0000, 0x0000, 0x0000, 0x0000, 0x0000, 0x0000, 0x0000, 0x0000, 0x0000,
    0x0000, 0x0000, 0x0000, 0x1081, 0x18A2, 0x0861, 0x0020, 0x0840, 0x18A2, 0x1061, 0x0000, 0x0000,
    0x0000, 0x0000, 0x0000, 0x0000, 0x0000, 0x0000, 0x0000, 0x0000, 0x0000, 0x0000, 0x0000, 0x0000,
    0x0000, 0x0000, 0x10A2, 0x1061, 0x0841, 0x0020, 0x1061, 0x0840, 0x1061, 0x0000, 0x0000, 0x0000,
    0x0000, 0x0000, 0x0000, 0x0000, 0x0000, 0x0000, 0x0000, 0x0000, 0x0000, 0x0000, 0x0000, 0x0000,
    0x0000, 0x1081, 0x20E2, 0x0841, 0x0841, 0x0841, 0x1061, 0x10A1, 0x0000, 0x0000, 0x0000, 0x0000,
    0x0000, 0x0000, 0x0000, 0x0000, 0x0000, 0x0000, 0x0000, 0x0000, 0x0000, 0x0000, 0x0000, 0x0000,
    0x0861, 0x2923, 0x0840, 0x0020, 0x0841, 0x1061, 0x1081, 0x0000, 0x0000, 0x0000, 0x0000, 0x0000,
    0x0000, 0x0000, 0x0000, 0x0000, 0x0000, 0x0000, 0x0000, 0x0000, 0x0000, 0x0000, 0x0000, 0x0861,
    0x20E2, 0x0841, 0x0821, 0x0840, 0x1081, 0x1081, 0x0000, 0x0000, 0x0000, 0x0000, 0x0000, 0x0000,
    0x0000, 0x0000, 0x0000, 0x0000, 0x0000, 0x0000, 0x0000, 0x0000, 0x0000, 0x0000, 0x0840, 0x18C1,
    0x0841, 0x0841, 0x0840, 0x18C2, 0x1881, 0x0000, 0x0000, 0x0000, 0x0000, 0x0000, 0x0000, 0x0000,
    0x0000, 0x0000, 0x0000, 0x0000, 0x0000, 0x0000, 0x0000, 0x0000, 0x0000, 0x0840, 0x1881, 0x0841,
    0x0841, 0x0841, 0x20E2, 0x1081, 0x0000, 0x0000, 0x0000, 0x0000, 0x0000, 0x0000, 0x0000, 0x0000,
    0x0000, 0x0000, 0x0000, 0x0000, 0x0000, 0x0000, 0x0000, 0x0000, 0x0861, 0x18A2, 0x0841, 0x0020,
    0x0861, 0x20E2, 0x1061, 0x0000, 0x0000, 0x0000, 0x0000, 0x0000, 0x0000, 0x0000, 0x0000, 0x0000,
    0x0000, 0x0000, 0x0000, 0x0000, 0x0000, 0x0000, 0x0000, 0x1081, 0x20E3, 0x0841, 0x0020, 0x0861,
    0x18C2, 0x1081, 0x0000, 0x0000, 0x0000, 0x0000, 0x0000, 0x0000, 0x0000, 0x0000, 0x0000, 0x0000,
    0x0000, 0x0000, 0x0000, 0x0000, 0x0000, 0x0000, 0x1061, 0x18A2, 0x0841, 0x0840, 0x0841, 0x1882,
    0x1081, 0x0000, 0x0000, 0x0000, 0x0000, 0x0000, 0x0000, 0x0000, 0x0000, 0x0000, 0x0000, 0x0000,
    0x0000, 0x0000, 0x0000, 0x0000, 0x0000, 0x0841, 0x18A2, 0x0840, 0x0861, 0x0841, 0x0841, 0x1061,
    0x0000, 0x0000, 0x0000, 0x0000, 0x0000, 0x0000, 0x0000, 0x0000, 0x0000, 0x0000, 0x0000, 0x0000,
    0x0000, 0x0000, 0x0000, 0x0000, 0x0841, 0x18C2, 0x0020, 0x0841, 0x0841, 0x0841, 0x1081, 0x0000,
    0x0000, 0x0000, 0x0000, 0x0000, 0x0000, 0x0000, 0x0000, 0x0000, 0x0000, 0x0000, 0x0000, 0x0000,
    0x0000, 0x0000, 0x0000, 0x0841, 0x18A2, 0x0840, 0x0841, 0x0820, 0x1061, 0x1081, 0x0000, 0x0000,
    0x0000, 0x0000, 0x0000, 0x0000, 0x0000, 0x0000, 0x0000, 0x0000, 0x0000, 0x0000, 0x0000, 0x0000,
    0x0000, 0x0000, 0x0841, 0x1082, 0x0841, 0x0841, 0x0840, 0x1061, 0x1061, 0x0000, 0x0000, 0x0000,
    0x0000, 0x0000, 0x0000, 0x0000, 0x0000, 0x0000, 0x0000, 0x0000, 0x0000, 0x0000, 0x0000, 0x0000,
    0x0000, 0x0841, 0x1081, 0x0841, 0x0841, 0x0841, 0x1061, 0x1061, 0x0000, 0x0000, 0x0000, 0x0000,
    0x0000, 0x0000, 0x0000, 0x0000, 0x0000, 0x0000, 0x0000, 0x0000, 0x0000, 0x0000, 0x0000, 0x0000,
    0x0841, 0x20C2, 0x0840, 0x0841, 0x0841, 0x18A2, 0x1061, 0x0000, 0x0000, 0x0000, 0x0000, 0x0000,
    0x0000, 0x0000, 0x0000, 0x0000, 0x0000, 0x0000, 0x0000, 0x0000, 0x0000, 0x0000, 0x0000, 0x1061,
    0x3144, 0x1060, 0x0841, 0x0841, 0x20E3, 0x0860, 0x0000, 0x0000, 0x0000, 0x0000, 0x0000, 0x0000,
    0x0000, 0x0000, 0x0000, 0x0000, 0x0000, 0x0000, 0x0000, 0x0000, 0x0000, 0x0000, 0x1081, 0x20E2,
    0x3122, 0x1860, 0x1041, 0x3144, 0x0840, 0x0000, 0x0000, 0x0000, 0x0000, 0x0000, 0x0000, 0x0000,
    0x0000, 0x0000, 0x0000, 0x0000, 0x0000, 0x0000, 0x0000, 0x0000, 0x0000, 0x1060, 0x20A1, 0x3943,
    0x3923, 0x20C2, 0x3123, 0x0840, 0x0000, 0x0000, 0x0000, 0x0000, 0x0000, 0x0000, 0x0000, 0x0000,
    0x0000, 0x0000, 0x0000, 0x0000, 0x0000, 0x0000, 0x0000, 0x0000, 0x1061, 0x18A1, 0x0820, 0x3144,
    0x1061, 0x18A1, 0x0840, 0x0000, 0x0000, 0x0000, 0x0000, 0x0000, 0x0000, 0x0000, 0x0000, 0x0000,
    0x0000, 0x0000, 0x0000, 0x0000, 0x0000, 0x0000, 0x0000, 0x1081, 0x3143, 0x1060, 0x18A2, 0x0840,
    0x20E2, 0x0840, 0x0000, 0x0000, 0x0000, 0x0000, 0x0000, 0x0000, 0x0000, 0x0000, 0x0000, 0x0000,
    0x0000, 0x0000, 0x0000, 0x0000, 0x0000, 0x0000, 0x1081, 0x3943, 0x20C2, 0x0841, 0x0820, 0x3143,
    0x0840, 0x0000, 0x0000, 0x0000, 0x0000, 0x0000, 0x0000, 0x0000, 0x0000, 0x0000, 0x0000, 0x0000,
    0x0000, 0x0000, 0x0000, 0x0000, 0x0000, 0x1881, 0x3143, 0x20C2, 0x0820, 0x0820, 0x3143, 0x1060,
    0x0000, 0x0000, 0x0000, 0x0000, 0x0000, 0x0000, 0x0000, 0x0000, 0x0000, 0x0000, 0x0000, 0x0000,
    0x0000, 0x0000, 0x0000, 0x0000, 0x20A1, 0x3143, 0x1040, 0x0020, 0x0841, 0x2923, 0x1061, 0x0000,
    0x0000, 0x0000, 0x0000, 0x0000, 0x0000, 0x0000, 0x0000, 0x0000, 0x0000, 0x0000, 0x0000, 0x0000,
    0x0000, 0x0000, 0x0000, 0x3103, 0x20C1, 0x0020, 0x0020, 0x0861, 0x1061, 0x20C2, 0x0000, 0x0000,
    0x0000, 0x0000, 0x0000, 0x0000, 0x0000, 0x0000, 0x0000, 0x0000, 0x0000, 0x0000, 0x0000, 0x0000,
    0x0000, 0x0020, 0x3123, 0x18A1, 0x0861, 0x0020, 0x1081, 0x0840, 0x2944, 0x0000, 0x0000, 0x0000,
    0x0000, 0x0000, 0x0000, 0x0000, 0x0000, 0x0000, 0x0000, 0x0000, 0x0000, 0x0000, 0x0000, 0x0000,
    0x1061, 0x3943, 0x1040, 0x0841, 0x0841, 0x0840, 0x0820, 0x2903, 0x0861, 0x0000, 0x0000, 0x0000,
    0x0000, 0x0000, 0x0000, 0x0000, 0x0000, 0x0000, 0x0000, 0x0000, 0x0000, 0x0000, 0x0000, 0x2923,
    0x18A1, 0x0020, 0x0861, 0x0861, 0x0841, 0x2944, 0x20E2, 0x2103, 0x0000, 0x0000, 0x0000, 0x0000,
    0x0000, 0x0000, 0x0000, 0x0000, 0x0000, 0x0000, 0x0000, 0x0000, 0x0000, 0x1061, 0x3143, 0x0840,
    0x0020, 0x0861, 0x0841, 0x0840, 0x2923, 0x1040, 0x20E2, 0x0841, 0x0000, 0x0000, 0x0000, 0x0000,
    0x0000, 0x0000, 0x0000, 0x0000, 0x0000, 0x0000, 0x0000, 0x0020, 0x2923, 0x3102, 0x0840, 0x0020,
    0x0841, 0x0021, 0x0841, 0x18A2, 0x0820, 0x1061, 0x2103, 0x0020, 0x0000, 0x0000, 0x0000, 0x0000,
    0x0000, 0x0000, 0x0000, 0x0000, 0x0000, 0x0000, 0x20E2, 0x3143, 0x1881, 0x0861, 0x0841, 0x1062,
    0x0020, 0x0841, 0x0840, 0x0840, 0x0840, 0x20E3, 0x18A2, 0x0000, 0x0000, 0x0000, 0x0000, 0x0000,
    0x0000, 0x0000, 0x0000, 0x0000, 0x1081, 0x3143, 0x20E2, 0x0861, 0x1082, 0x0841, 0x0861, 0x0841,
    0x1061, 0x0000, 0x0841, 0x0861, 0x0861, 0x2903, 0x0820, 0x0000, 0x0000, 0x0000, 0x0000, 0x0000,
    0x0000, 0x0000, 0x0020, 0x2903, 0x2923, 0x1061, 0x0841, 0x0862, 0x0021, 0x0020, 0x0861, 0x10A2,
    0x0000, 0x0020, 0x0841, 0x0841, 0x2923, 0x20E2, 0x0000, 0x0000, 0x0000, 0x0000, 0x0000, 0x0000,
    0x0000, 0x20C2, 0x3144, 0x1081, 0x0861, 0x0841, 0x0841, 0x0020, 0x0841, 0x10A2, 0x18E3, 0x0000,
    0x0841, 0x0841, 0x0841, 0x18A2, 0x2944, 0x0820, 0x0000, 0x0000, 0x0000, 0x0000, 0x0000, 0x0841,
    0x3144, 0x0860, 0x0861, 0x10A2, 0x0041, 0x0861, 0x0000, 0x0881, 0x0841, 0x0861, 0x0841, 0x0841,
    0x0861, 0x0841, 0x10A1, 0x1081, 0x2923, 0x0000, 0x0000, 0x0000, 0x0000, 0x0000, 0x28E3, 0x3143,
    0x0840, 0x1082, 0x1082, 0x0841, 0x0841, 0x0000, 0x0840, 0x0861, 0x1082, 0x1082, 0x0861, 0x0861,
    0x0861, 0x0840, 0x0840, 0x3143, 0x18A1, 0x0000, 0x0000, 0x0000, 0x1061, 0x3124, 0x1881, 0x0840,
    0x0861, 0x0861, 0x1082, 0x0861, 0x0840, 0x0841, 0x0040, 0x1082, 0x10A2, 0x0841, 0x0861, 0x0841,
    0x0841, 0x0840, 0x3143, 0x3123, 0x0020, 0x0000, 0x0000, 0x20E2, 0x3144, 0x0860, 0x0841, 0x0841,
    0x0841, 0x18C2, 0x0861, 0x0840, 0x0841, 0x0841, 0x1081, 0x0861, 0x0861, 0x1082, 0x0841, 0x0841,
    0x1061, 0x28E2, 0x3123, 0x1081, 0x0000, 0x0020, 0x2923, 0x20E3, 0x0841, 0x0841, 0x0841, 0x0840,
    0x1082, 0x0841, 0x0840, 0x0841, 0x1082, 0x10A2, 0x0840, 0x0841, 0x0861, 0x0861, 0x0841, 0x1061,
    0x1061, 0x20C2, 0x2902, 0x0000, 0x0840, 0x3144, 0x0861, 0x0841, 0x1082, 0x0841, 0x0820, 0x1061,
    0x0841, 0x0841, 0x0861, 0x10A2, 0x10A2, 0x0840, 0x0841, 0x0841, 0x1082, 0x0841, 0x0861, 0x0861,
    0x3143, 0x3923, 0x0020, 0x0861, 0x3144, 0x0841, 0x0861, 0x10A2, 0x0841, 0x0840, 0x10A2, 0x0841,
    0x0861, 0x0861, 0x0862, 0x0861, 0x0020, 0x0841, 0x0841, 0x1082, 0x0841, 0x0861, 0x0840, 0x3144,
    0x3943, 0x1040, 0x1081, 0x3144, 0x1081, 0x1081, 0x1082, 0x0841, 0x1061, 0x18C3, 0x0861, 0x1081,
    0x1082, 0x1082, 0x0861, 0x0020, 0x0861, 0x0841, 0x0841, 0x0020, 0x0861, 0x0040, 0x0820, 0x3943,
    0x1061, 0x18A2, 0x3144, 0x0861, 0x0861, 0x1081, 0x0861, 0x1062, 0x1062, 0x0861, 0x10A2, 0x0040,
    0x0040, 0x0861, 0x0020, 0x0841, 0x0020, 0x0020, 0x0841, 0x0861, 0x0861, 0x18C2, 0x3943, 0x1860,
    0x20E2, 0x2923, 0x1081, 0x10A2, 0x10A2, 0x1081, 0x0841, 0x0861, 0x0861, 0x1082, 0x0861, 0x1082,
    0x18C3, 0x0841, 0x0841, 0x0841, 0x0841, 0x0861, 0x1082, 0x0882, 0x18C2, 0x3144, 0x20A1, 0x20E2,
    0x18A1, 0x1081, 0x0841, 0x0861, 0x0840, 0x0841, 0x0861, 0x1082, 0x0861, 0x0841, 0x1082, 0x10A2,
    0x0841, 0x0861, 0x0841, 0x0020, 0x0040, 0x1081, 0x0862, 0x0861, 0x3143, 0x20C1, 0x18A1, 0x2903,
    0x1081, 0x0841, 0x0861, 0x0840, 0x0841, 0x0841, 0x0861, 0x0841, 0x0020, 0x0841, 0x0861, 0x0020,
    0x10A2, 0x0861, 0x0840, 0x0020, 0x1081, 0x0861, 0x0840, 0x28E2, 0x18A1, 0x1081, 0x3144, 0x0861,
    0x0861, 0x0841, 0x0840, 0x0841, 0x0841, 0x0841, 0x0861, 0x0020, 0x18E3, 0x1082, 0x0020, 0x18C2,
    0x10C2, 0x0861, 0x0841, 0x0881, 0x0861, 0x0840, 0x28E2, 0x1881, 0x1061, 0x3144, 0x0841, 0x0861,
    0x0840, 0x0040, 0x0020, 0x0841, 0x0841, 0x0861, 0x0020, 0x2104, 0x1082, 0x0020, 0x1082, 0x10C2,
    0x10A2, 0x0841, 0x0861, 0x0861, 0x0841, 0x3123, 0x1061, 0x1040, 0x3144, 0x0840, 0x0861, 0x0841,
    0x0841, 0x0840, 0x0841, 0x0841, 0x0861, 0x0020, 0x1082, 0x0841, 0x0841, 0x0841, 0x0861, 0x10A2,
    0x0841, 0x0861, 0x0821, 0x0820, 0x3144, 0x1040, 0x0820, 0x2923, 0x0840, 0x0861, 0x1082, 0x0861,
    0x0861, 0x0861, 0x0861, 0x0861, 0x0020, 0x0841, 0x0040, 0x10A2, 0x0861, 0x1082, 0x1082, 0x0020,
    0x0861, 0x0820, 0x0820, 0x20E2, 0x0020, 0x0000, 0x2943, 0x18A1, 0x0861, 0x1082, 0x0841, 0x0841,
    0x0841, 0x0000, 0x0841, 0x0840, 0x0861, 0x0861, 0x0861, 0x0020, 0x0020, 0x0841, 0x0020, 0x10A2,
    0x0841, 0x18A1, 0x2944, 0x0000, 0x0000, 0x1081, 0x2964, 0x0020, 0x0841, 0x0020, 0x0841, 0x0861,
    0x0020, 0x1082, 0x0841, 0x18C3, 0x10A2, 0x0841, 0x0020, 0x0020, 0x0841, 0x0841, 0x1081, 0x1061,
    0x2924, 0x0840, 0x0000, 0x0000, 0x0840, 0x3144, 0x0820, 0x0840, 0x0840, 0x0861, 0x0841, 0x0020,
    0x0861, 0x0841, 0x10A2, 0x0861, 0x0841, 0x0841, 0x0861, 0x1082, 0x1081, 0x0820, 0x1881, 0x2944,
    0x0000, 0x0000, 0x0000, 0x0000, 0x20C2, 0x2903, 0x1881, 0x0840, 0x0861, 0x0841, 0x0020, 0x1082,
    0x0861, 0x0861, 0x0861, 0x0841, 0x0861, 0x0841, 0x0841, 0x0861, 0x0020, 0x3144, 0x18A2, 0x0000,
    0x0000, 0x0000, 0x0000, 0x0840, 0x3143, 0x28E2, 0x3143, 0x0840, 0x0841, 0x0841, 0x1082, 0x1082,
    0x0841, 0x0841, 0x0861, 0x0861, 0x0861, 0x0020, 0x0840, 0x0840, 0x3143, 0x0840, 0x0000, 0x0000,
    0x0000, 0x0000, 0x0000, 0x18A2, 0x3923, 0x3143, 0x1060, 0x0841, 0x0841, 0x0841, 0x0861, 0x0020,
    0x0841, 0x0841, 0x0861, 0x1082, 0x0840, 0x0820, 0x18C2, 0x18A1, 0x0000, 0x0000, 0x0000, 0x0000,
    0x0000, 0x0000, 0x0820, 0x3923, 0x3143, 0x20A1, 0x0820, 0x0821, 0x0020, 0x0841, 0x0841, 0x0841,
    0x0841, 0x0841, 0x1082, 0x0861, 0x18C2, 0x2903, 0x0820, 0x0000, 0x0000, 0x0000, 0x0000, 0x0000,
    0x0000, 0x0000, 0x20C1, 0x3923, 0x3102, 0x1041, 0x0841, 0x0841, 0x0841, 0x10A2, 0x1082, 0x0020,
    0x0020, 0x0861, 0x0841, 0x3144, 0x1061, 0x0000, 0x0000, 0x0000, 0x0000, 0x0000, 0x0000, 0x0000,
    0x0000, 0x0820, 0x28E1, 0x3143, 0x3143, 0x0820, 0x0841, 0x0020, 0x0861, 0x0861, 0x0841, 0x0020,
    0x0840, 0x28E2, 0x20A1, 0x0000, 0x0000, 0x0000, 0x0000, 0x0000, 0x0000, 0x0000, 0x0000, 0x0000,
    0x0000, 0x0840, 0x3922, 0x20A2, 0x0840, 0x1062, 0x0861, 0x0861, 0x0841, 0x0861, 0x0841, 0x2903,
    0x2903, 0x0820, 0x0000, 0x0000, 0x0000, 0x0000, 0x0000, 0x0000, 0x0000, 0x0000, 0x0000, 0x0000,
    0x0000, 0x20A1, 0x3942, 0x3143, 0x0841, 0x0020, 0x0020, 0x0020, 0x0840, 0x0840, 0x3143, 0x1061,
    0x0000, 0x0000, 0x0000, 0x0000, 0x0000, 0x0000, 0x0000, 0x0000, 0x0000, 0x0000, 0x0000, 0x0000,
    0x0020, 0x28E1, 0x3143, 0x0820, 0x0020, 0x0020, 0x0820, 0x0840, 0x2902, 0x20C1, 0x0000, 0x0000,
    0x0000, 0x0000, 0x0000, 0x0000, 0x0000, 0x0000, 0x0000, 0x0000, 0x0000, 0x0000, 0x0000, 0x0000,
    0x0840, 0x3102, 0x20E2, 0x3143, 0x2923, 0x1061, 0x0840, 0x20C2, 0x0840, 0x0000, 0x0000, 0x0000,
    0x0000, 0x0000, 0x0000, 0x0000, 0x0000, 0x0000, 0x0000, 0x0000, 0x0000, 0x0000, 0x0000, 0x0000,
    0x1061, 0x3143, 0x3943, 0x3943, 0x18A1, 0x1881, 0x0840, 0x0000, 0x0000, 0x0000, 0x0000, 0x0000,
    0x0000, 0x0000, 0x0000, 0x0000, 0x0000, 0x0000, 0x0000, 0x0000, 0x0000, 0x0000, 0x0000, 0x0000,
    0x28C1, 0x4121, 0x28C1, 0x20C1, 0x20A1, 0x0820, 0x0000, 0x0000, 0x0000, 0x0000, 0x0000, 0x0000,
    0x0000, 0x0000, 0x0000, 0x0000, 0x0000, 0x0000, 0x0000, 0x0000, 0x0000, 0x0000, 0x0000, 0x1061,
    0x28C1, 0x3942, 0x28E1, 0x1880, 0x0000, 0x0000, 0x0000, 0x0000, 0x0000, 0x0000, 0x0000, 0x0000,
    0x0000, 0x0000, 0x0000, 0x0000, 0x0000, 0x0000, 0x0000, 0x0000, 0x0000, 0x0000, 0x0000, 0x0860,
    0x1881, 0x1880, 0x0000, 0x0000, 0x0000, 0x0000, 0x0000, 0x0000, 0x0000, 0x0000, 0x0000, 0x0000,
};
const uint8_t SECONDS_A[] PROGMEM = {
    0, 0, 0, 0, 0, 0, 0, 0, 0, 0, 0, 21, 185, 215, 79, 0, 0, 0, 0, 0,
    0, 0, 0, 0, 0, 0, 0, 0, 0, 0, 0, 0, 0, 0, 83, 250, 251, 172, 0, 0,
    0, 0, 0, 0, 0, 0, 0, 0, 0, 0, 0, 0, 0, 0, 0, 0, 0, 129, 251, 252,
    201, 0, 0, 0, 0, 0, 0, 0, 0, 0, 0, 0, 0, 0, 0, 0, 0, 0, 0, 0,
    162, 252, 252, 209, 0, 0, 0, 0, 0, 0, 0, 0, 0, 0, 0, 0, 0, 0, 0, 0,
    0, 0, 0, 197, 252, 252, 216, 1, 0, 0, 0, 0, 0, 0, 0, 0, 0, 0, 0, 0,
    0, 0, 0, 0, 0, 4, 215, 252, 253, 232, 11, 0, 0, 0, 0, 0, 0, 0, 0, 0,
    0, 0, 0, 0, 0, 0, 0, 0, 15, 240, 252, 252, 240, 17, 0, 0, 0, 0, 0, 0,
    0, 0, 0, 0, 0, 0, 0, 0, 0, 0, 0, 49, 249, 252, 252, 246, 22, 0, 0, 0,
    0, 0, 0, 0, 0, 0, 0, 0, 0, 0, 0, 0, 0, 0, 86, 251, 252, 252, 249, 25,
    0, 0, 0, 0, 0, 0, 0, 0, 0, 0, 0, 0, 0, 0, 0, 0, 0, 127, 251, 251,
    252, 250, 49, 0, 0, 0, 0, 0, 0, 0, 0, 0, 0, 0, 0, 0, 0, 0, 0, 0,
    179, 252, 252, 251, 250, 67, 0, 0, 0, 0, 0, 0, 0, 0, 0, 0, 0, 0, 0, 0,
    0, 0, 5, 230, 252, 252, 252, 250, 79, 0, 0, 0, 0, 0, 0, 0, 0, 0, 0, 0,
    0, 0, 0, 0, 3, 120, 249, 252, 253, 252, 251, 167, 12, 0, 0, 0, 0, 0, 0, 0,
    0, 0, 0, 0, 0, 0, 7, 139, 246, 251, 252, 253, 252, 252, 251, 177, 14, 0, 0, 0,
    0, 0, 0, 0, 0, 0, 0, 0, 0, 135, 252, 252, 252, 253, 253, 253, 253, 252, 251, 153,
    0, 0, 0, 0, 0, 0, 0, 0, 0, 0, 0, 10, 176, 252, 252, 252, 253, 253, 253, 253,
    252, 251, 188, 15, 0, 0, 0, 0, 0, 0, 0, 0, 0, 0, 26, 237, 252, 252, 253, 253,
    253, 253, 253, 253, 252, 241, 38, 0, 0, 0, 0, 0, 0, 0, 0, 0, 0, 130, 248, 252,
    253, 253, 253, 253, 253, 253, 253, 253, 249, 131, 0, 0, 0, 0, 0, 0, 0, 0, 0, 8,
    173, 251, 252, 253, 253, 253, 253, 253, 253, 253, 253, 251, 173, 10, 0, 0, 0, 0, 0, 0,
    0, 0, 40, 243, 252, 253, 253, 253, 253, 253, 253, 253, 253, 253, 252, 244, 50, 0, 0, 0,
    0, 0, 0, 0, 1, 115, 247, 252, 253, 253, 253, 253, 253, 253, 253, 253, 253, 253, 249, 127,
    0, 0, 0, 0, 0, 0, 0, 1, 165, 250, 252, 253, 253, 253, 253, 253, 253, 253, 253, 253,
    253, 252, 179, 0, 0, 0, 0, 0, 0, 0, 60, 244, 250, 252, 253, 253, 253, 253, 253, 253,
    253, 253, 253, 253, 252, 247, 52, 0, 0, 0, 0, 0, 1, 106, 246, 250, 252, 253, 253, 253,
    253, 253, 253, 253, 253, 253, 253, 252, 248, 97, 0, 0, 0, 0, 0, 2, 174, 249, 250, 252,
    253, 253, 253, 253, 253, 252, 252, 253, 253, 253, 252, 250, 164, 0, 0, 0, 0, 0, 35, 229,
    249, 251, 252, 253, 253, 253, 253, 253, 253, 253, 253, 253, 253, 252, 251, 224, 19, 0, 0, 0,
    0, 39, 240, 249, 251, 252, 253, 253, 253, 253, 253, 253, 253, 253, 253, 253, 252, 251, 236, 21,
    0, 0, 0, 0, 18, 230, 250, 251, 252, 253, 253, 253, 253, 253, 253, 253, 253, 253, 253, 252,
    251, 224, 12, 0, 0, 0, 0, 7, 165, 250, 251, 253, 253, 253, 253, 253, 253, 253, 253, 253,
    253, 252, 252, 250, 157, 5, 0, 0, 0, 0, 0, 122, 251, 252, 253, 253, 253, 253, 253, 253,
    253, 253, 253, 253, 252, 252, 250, 113, 0, 0, 0, 0, 0, 0, 18, 227, 252, 253, 253, 253,
    253, 253, 253, 253, 253, 253, 253, 252, 252, 209, 5, 0, 0, 0, 0, 0, 0, 11, 177, 251,
    253, 253, 253, 253, 253, 253, 253, 253, 253, 253, 252, 250, 152, 3, 0, 0, 0, 0, 0, 0,
    0, 102, 250, 252, 253, 253, 253, 253, 253, 253, 253, 253, 253, 252, 248, 66, 0, 0, 0, 0,
    0, 0, 0, 0, 25, 205, 251, 252, 253, 253, 253, 253, 253, 253, 253, 252, 251, 185, 15, 0,
    0, 0, 0, 0, 0, 0, 0, 5, 169, 251, 252, 253, 253, 253, 253, 253, 253, 253, 252, 249,
    144, 2, 0, 0, 0, 0, 0, 0, 0, 0, 0, 72, 249, 251, 252, 253, 253, 253, 253, 253,
    252, 252, 240, 39, 0, 0, 0, 0, 0, 0, 0, 0, 0, 0, 30, 214, 251, 252, 252, 253,
    253, 253, 253, 252, 251, 171, 16, 0, 0, 0, 0, 0, 0, 0, 0, 0, 0, 2, 190, 251,
    252, 252, 253, 253, 253, 253, 252, 250, 125, 0, 0, 0, 0, 0, 0, 0, 0, 0, 0, 0,
    0, 52, 246, 251, 252, 253, 253, 252, 252, 252, 217, 11, 0, 0, 0, 0, 0, 0, 0, 0,
    0, 0, 0, 0, 4, 154, 251, 252, 253, 253, 252, 252, 251, 93, 1, 0, 0, 0, 0, 0,
    0, 0, 0, 0, 0, 0, 0, 0, 49, 241, 252, 253, 253, 252, 251, 210, 14, 0, 0, 0,
    0, 0, 0, 0, 0, 0, 0, 0, 0, 0, 0, 7, 219, 252, 253, 253, 252, 251, 138, 0,
    0, 0, 0, 0, 0, 0, 0, 0, 0, 0, 0, 0, 0, 0, 0, 208, 252, 253, 253, 253,
    251, 90, 0, 0, 0, 0, 0, 0, 0, 0, 0, 0, 0, 0, 0, 0, 0, 0, 203, 252,
    253, 253, 253, 251, 71, 0, 0, 0, 0, 0, 0, 0, 0, 0, 0, 0, 0, 0, 0, 0,
    0, 202, 252, 253, 253, 253, 251, 62, 0, 0, 0, 0, 0, 0, 0, 0, 0, 0, 0, 0,
    0, 0, 0, 0, 193, 251, 253, 253, 253, 251, 57, 0, 0, 0, 0, 0, 0, 0, 0, 0,
    0, 0, 0, 0, 0, 0, 0, 177, 251, 253, 253, 253, 251, 56, 0, 0, 0, 0, 0, 0,
    0, 0, 0, 0, 0, 0, 0, 0, 0, 0, 170, 251, 253, 253, 253, 251, 53, 0, 0, 0,
    0, 0, 0, 0, 0, 0, 0, 0, 0, 0, 0, 0, 0, 170, 251, 252, 253, 253, 251, 41,
    0, 0, 0, 0, 0, 0, 0, 0, 0, 0, 0, 0, 0, 0, 0, 0, 171, 251, 252, 253,
    253, 251, 25, 0, 0, 0, 0, 0, 0, 0, 0, 0, 0, 0, 0, 0, 0, 0, 0, 172,
    251, 252, 253, 253, 251, 26, 0, 0, 0, 0, 0, 0, 0, 0, 0, 0, 0, 0, 0, 0,
    0, 0, 170, 251, 252, 253, 252, 251, 26, 0, 0, 0, 0, 0, 0, 0, 0, 0, 0, 0,
    0, 0, 0, 0, 0, 168, 250, 252, 252, 252, 251, 26, 0, 0, 0, 0, 0, 0, 0, 0,
    0, 0, 0, 0, 0, 0, 0, 0, 168, 250, 252, 252, 252, 251, 25, 0, 0, 0, 0, 0,
    0, 0, 0, 0, 0, 0, 0, 0, 0, 0, 0, 169, 250, 252, 252, 252, 250, 25, 0, 0,
    0, 0, 0, 0, 0, 0, 0, 0, 0, 0, 0, 0, 0, 0, 171, 251, 252, 253, 252, 250,
    25, 0, 0, 0, 0, 0, 0, 0, 0, 0, 0, 0, 0, 0, 0, 0, 0, 172, 251, 252,
    253, 252, 249, 24, 0, 0, 0, 0, 0, 0, 0, 0, 0, 0, 0, 0, 0, 0, 0, 0,
    172, 251, 252, 253, 252, 248, 23, 0, 0, 0, 0, 0, 0, 0, 0, 0, 0, 0, 0, 0,
    0, 0, 0, 178, 251, 252, 253, 252, 247, 22, 0, 0, 0, 0, 0, 0, 0, 0, 0, 0,
    0, 0, 0, 0, 0, 0, 191, 251, 252, 252, 252, 247, 22, 0, 0, 0, 0, 0, 0, 0,
    0, 0, 0, 0, 0, 0, 0, 0, 0, 202, 251, 252, 252, 252, 247, 22, 0, 0, 0, 0,
    0, 0, 0, 0, 0, 0, 0, 0, 0, 0, 0, 0, 205, 251, 252, 252, 252, 247, 22, 0,
    0, 0, 0, 0, 0, 0, 0, 0, 0, 0, 0, 0, 0, 0, 0, 207, 251, 252, 252, 252,
    247, 22, 0, 0, 0, 0, 0, 0, 0, 0, 0, 0, 0, 0, 0, 0, 0, 0, 207, 252,
    252, 252, 252, 247, 22, 0, 0, 0, 0, 0, 0, 0, 0, 0, 0, 0, 0, 0, 0, 0,
    0, 208, 252, 252, 252, 252, 246, 22, 0, 0, 0, 0, 0, 0, 0, 0, 0, 0, 0, 0,
    0, 0, 0, 0, 213, 251, 252, 252, 252, 244, 20, 0, 0, 0, 0, 0, 0, 0, 0, 0,
    0, 0, 0, 0, 0, 0, 0, 218, 251, 252, 252, 252, 244, 20, 0, 0, 0, 0, 0, 0,
    0, 0, 0, 0, 0, 0, 0, 0, 0, 0, 220, 252, 253, 253, 252, 245, 21, 0, 0, 0,
    0, 0, 0, 0, 0, 0, 0, 0, 0, 0, 0, 0, 0, 223, 252, 253, 253, 253, 245, 20,
    0, 0, 0, 0, 0, 0, 0, 0, 0, 0, 0, 0, 0, 0, 0, 0, 226, 252, 253, 253,
    253, 244, 19, 0, 0, 0, 0, 0, 0, 0, 0, 0, 0, 0, 0, 0, 0, 0, 0, 227,
    252, 253, 253, 253, 243, 19, 0, 0, 0, 0, 0, 0, 0, 0, 0, 0, 0, 0, 0, 0,
    0, 0, 226, 251, 252, 252, 252, 242, 18, 0, 0, 0, 0, 0, 0, 0, 0, 0, 0, 0,
    0, 0, 0, 0, 0, 226, 251, 252, 252, 252, 239, 17, 0, 0, 0, 0, 0, 0, 0, 0,
    0, 0, 0, 0, 0, 0, 0, 0, 227, 251, 252, 252, 252, 237, 15, 0, 0, 0, 0, 0,
    0, 0, 0, 0, 0, 0, 0, 0, 0, 0, 0, 227, 251, 252, 252, 252, 235, 14, 0, 0,
    0, 0, 0, 0, 0, 0, 0, 0, 0, 0, 0, 0, 0, 0, 227, 251, 252, 252, 252, 235,
    14, 0, 0, 0, 0, 0, 0, 0, 0, 0, 0, 0, 0, 0, 0, 0, 0, 228, 251, 252,
    252, 252, 235, 13, 0, 0, 0, 0, 0, 0, 0, 0, 0, 0, 0, 0, 0, 0, 0, 0,
    228, 251, 252, 252, 252, 235, 13, 0, 0, 0, 0, 0, 0, 0, 0, 0, 0, 0, 0, 0,
    0, 0, 0, 228, 251, 252, 253, 253, 237, 14, 0, 0, 0, 0, 0, 0, 0, 0, 0, 0,
    0, 0, 0, 0, 0, 0, 227, 251, 252, 252, 253, 237, 15, 0, 0, 0, 0, 0, 0, 0,
    0, 0, 0, 0, 0, 0, 0, 0, 0, 227, 251, 252, 252, 252, 237, 15, 0, 0, 0, 0,
    0, 0, 0, 0, 0, 0, 0, 0, 0, 0, 0, 0, 228, 251, 252, 252, 252, 235, 14, 0,
    0, 0, 0, 0, 0, 0, 0, 0, 0, 0, 0, 0, 0, 0, 1, 230, 251, 252, 252, 252,
    232, 12, 0, 0, 0, 0, 0, 0, 0, 0, 0, 0, 0, 0, 0, 0, 0, 3, 230, 251,
    252, 252, 252, 225, 7, 0, 0, 0, 0, 0, 0, 0, 0, 0, 0, 0, 0, 0, 0, 0,
    9, 232, 251, 252, 252, 252, 217, 2, 0, 0, 0, 0, 0, 0, 0, 0, 0, 0, 0, 0,
    0, 0, 0, 18, 236, 251, 252, 252, 252, 214, 0, 0, 0, 0, 0, 0, 0, 0, 0, 0,
    0, 0, 0, 0, 0, 0, 22, 238, 251, 252, 252, 252, 214, 0, 0, 0, 0, 0, 0, 0,
    0, 0, 0, 0, 0, 0, 0, 0, 0, 22, 238, 251, 252, 252, 252, 214, 0, 0, 0, 0,
    0, 0, 0, 0, 0, 0, 0, 0, 0, 0, 0, 0, 21, 238, 251, 252, 253, 252, 215, 0,
    0, 0, 0, 0, 0, 0, 0, 0, 0, 0, 0, 0, 0, 0, 0, 20, 238, 251, 252, 252,
    252, 215, 0, 0, 0, 0, 0, 0, 0, 0, 0, 0, 0, 0, 0, 0, 0, 0, 18, 237,
    252, 252, 252, 252, 215, 0, 0, 0, 0, 0, 0, 0, 0, 0, 0, 0, 0, 0, 0, 0,
    0, 8, 233, 252, 252, 252, 252, 214, 0, 0, 0, 0, 0, 0, 0, 0, 0, 0, 0, 0,
    0, 0, 0, 0, 0, 230, 252, 252, 252, 252, 214, 0, 0, 0, 0, 0, 0, 0, 0, 0,
    0, 0, 0, 0, 0, 0, 0, 8, 233, 252, 252, 252, 252, 214, 0, 0, 0, 0, 0, 0,
    0, 0, 0, 0, 0, 0, 0, 0, 0, 0, 24, 241, 252, 252, 252, 252, 214, 0, 0, 0,
    0, 0, 0, 0, 0, 0, 0, 0, 0, 0, 0, 0, 0, 26, 242, 252, 252, 252, 252, 213,
    0, 0, 0, 0, 0, 0, 0, 0, 0, 0, 0, 0, 0, 0, 0, 0, 26, 242, 252, 252,
    253, 252, 213, 0, 0, 0, 0, 0, 0, 0, 0, 0, 0, 0, 0, 0, 0, 0, 0, 27,
    243, 252, 253, 253, 252, 212, 0, 0, 0, 0, 0, 0, 0, 0, 0, 0, 0, 0, 0, 0,
    0, 0, 28, 244, 252, 253, 253, 253, 212, 0, 0, 0, 0, 0, 0, 0, 0, 0, 0, 0,
    0, 0, 0, 0, 0, 29, 244, 252, 253, 253, 253, 211, 0, 0, 0, 0, 0, 0, 0, 0,
    0, 0, 0, 0, 0, 0, 0, 0, 29, 244, 252, 253, 253, 253, 211, 0, 0, 0, 0, 0,
    0, 0, 0, 0, 0, 0, 0, 0, 0, 0, 0, 28, 242, 252, 252, 253, 252, 209, 0, 0,
    0, 0, 0, 0, 0, 0, 0, 0, 0, 0, 0, 0, 0, 0, 28, 242, 250, 252, 253, 252,
    207, 0, 0, 0, 0, 0, 0, 0, 0, 0, 0, 0, 0, 0, 0, 0, 0, 29, 242, 250,
    252, 252, 252, 205, 0, 0, 0, 0, 0, 0, 0, 0, 0, 0, 0, 0, 0, 0, 0, 0,
    30, 243, 250, 252, 252, 252, 206, 0, 0, 0, 0, 0, 0, 0, 0, 0, 0, 0, 0, 0,
    0, 0, 0, 31, 243, 251, 252, 252, 252, 207, 0, 0, 0, 0, 0, 0, 0, 0, 0, 0,
    0, 0, 0, 0, 0, 0, 33, 244, 250, 252, 252, 252, 206, 0, 0, 0, 0, 0, 0, 0,
    0, 0, 0, 0, 0, 0, 0, 0, 0, 34, 244, 250, 252, 252, 252, 204, 0, 0, 0, 0,
    0, 0, 0, 0, 0, 0, 0, 0, 0, 0, 0, 0, 36, 246, 250, 252, 252, 252, 201, 0,
    0, 0, 0, 0, 0, 0, 0, 0, 0, 0, 0, 0, 0, 0, 0, 38, 246, 250, 251, 252,
    252, 200, 0, 0, 0, 0, 0, 0, 0, 0, 0, 0, 0, 0, 0, 0, 0, 0, 38, 247,
    250, 251, 252, 252, 199, 0, 0, 0, 0, 0, 0, 0, 0, 0, 0, 0, 0, 0, 0, 0,
    0, 37, 246, 250, 251, 252, 252, 199, 0, 0, 0, 0, 0, 0, 0, 0, 0, 0, 0, 0,
    0, 0, 0, 0, 36, 245, 250, 251, 252, 252, 200, 0, 0, 0, 0, 0, 0, 0, 0, 0,
    0, 0, 0, 0, 0, 0, 0, 35, 245, 251, 251, 252, 252, 200, 0, 0, 0, 0, 0, 0,
    0, 0, 0, 0, 0, 0, 0, 0, 0, 0, 37, 246, 251, 252, 252, 252, 200, 0, 0, 0,
    0, 0, 0, 0, 0, 0, 0, 0, 0, 0, 0, 0, 0, 38, 247, 251, 252, 252, 252, 198,
    0, 0, 0, 0, 0, 0, 0, 0, 0, 0, 0, 0, 0, 0, 0, 0, 39, 247, 251, 252,
    252, 252, 195, 0, 0, 0, 0, 0, 0, 0, 0, 0, 0, 0, 0, 0, 0, 0, 0, 40,
    247, 251, 252, 252, 253, 193, 0, 0, 0, 0, 0, 0, 0, 0, 0, 0, 0, 0, 0, 0,
    0, 0, 39, 247, 251, 252, 253, 253, 191, 0, 0, 0, 0, 0, 0, 0, 0, 0, 0, 0,
    0, 0, 0, 0, 0, 39, 247, 251, 253, 253, 252, 189, 0, 0, 0, 0, 0, 0, 0, 0,
    0, 0, 0, 0, 0, 0, 0, 0, 39, 248, 251, 253, 253, 252, 189, 0, 0, 0, 0, 0,
    0, 0, 0, 0, 0, 0, 0, 0, 0, 0, 0, 40, 248, 251, 253, 253, 252, 188, 0, 0,
    0, 0, 0, 0, 0, 0, 0, 0, 0, 0, 0, 0, 0, 0, 61, 248, 251, 252, 253, 252,
    187, 0, 0, 0, 0, 0, 0, 0, 0, 0, 0, 0, 0, 0, 0, 0, 0, 67, 248, 251,
    252, 252, 252, 187, 0, 0, 0, 0, 0, 0, 0, 0, 0, 0, 0, 0, 0, 0, 0, 0,
    52, 247, 251, 252, 252, 252, 181, 0, 0, 0, 0, 0, 0, 0, 0, 0, 0, 0, 0, 0,
    0, 0, 0, 46, 247, 251, 252, 252, 252, 163, 0, 0, 0, 0, 0, 0, 0, 0, 0, 0,
    0, 0, 0, 0, 0, 0, 62, 247, 251, 252, 253, 252, 156, 0, 0, 0, 0, 0, 0, 0,
    0, 0, 0, 0, 0, 0, 0, 0, 0, 72, 248, 251, 252, 253, 252, 155, 0, 0, 0, 0,
    0, 0, 0, 0, 0, 0, 0, 0, 0, 0, 0, 0, 72, 249, 251, 252, 252, 251, 155, 0,
    0, 0, 0, 0, 0, 0, 0, 0, 0, 0, 0, 0, 0, 0, 0, 72, 249, 251, 252, 252,
    251, 156, 0, 0, 0, 0, 0, 0, 0, 0, 0, 0, 0, 0, 0, 0, 0, 0, 71, 248,
    251, 252, 252, 251, 156, 0, 0, 0, 0, 0, 0, 0, 0, 0, 0, 0, 0, 0, 0, 0,
    0, 72, 248, 251, 252, 252, 252, 155, 0, 0, 0, 0, 0, 0, 0, 0, 0, 0, 0, 0,
    0, 0, 0, 0, 73, 248, 251, 252, 252, 252, 155, 0, 0, 0, 0, 0, 0, 0, 0, 0,
    0, 0, 0, 0, 0, 0, 0, 76, 249, 251, 252, 252, 252, 156, 0, 0, 0, 0, 0, 0,
    0, 0, 0, 0, 0, 0, 0, 0, 0, 0, 80, 249, 251, 252, 252, 253, 159, 0, 0, 0,
    0, 0, 0, 0, 0, 0, 0, 0, 0, 0, 0, 0, 0, 80, 249, 251, 252, 252, 252, 159,
    0, 0, 0, 0, 0, 0, 0, 0, 0, 0, 0, 0, 0, 0, 0, 0, 79, 249, 251, 252,
    252, 252, 156, 0, 0, 0, 0, 0, 0, 0, 0, 0, 0, 0, 0, 0, 0, 0, 0, 81,
    249, 251, 252, 252, 251, 155, 0, 0, 0, 0, 0, 0, 0, 0, 0, 0, 0, 0, 0, 0,
    0, 0, 83, 250, 251, 252, 252, 251, 154, 0, 0, 0, 0, 0, 0, 0, 0, 0, 0, 0,
    0, 0, 0, 0, 0, 87, 250, 251, 252, 252, 251, 155, 0, 0, 0, 0, 0, 0, 0, 0,
    0, 0, 0, 0, 0, 0, 0, 0, 89, 249, 251, 252, 252, 252, 155, 0, 0, 0, 0, 0,
    0, 0, 0, 0, 0, 0, 0, 0, 0, 0, 0, 88, 248, 251, 252, 252, 252, 156, 0, 0,
    0, 0, 0, 0, 0, 0, 0, 0, 0, 0, 0, 0, 0, 0, 88, 248, 251, 252, 252, 252,
    155, 0, 0, 0, 0, 0, 0, 0, 0, 0, 0, 0, 0, 0, 0, 0, 0, 88, 249, 251,
    252, 252, 252, 154, 0, 0, 0, 0, 0, 0, 0, 0, 0, 0, 0, 0, 0, 0, 0, 0,
    88, 249, 251, 252, 252, 252, 152, 0, 0, 0, 0, 0, 0, 0, 0, 0, 0, 0, 0, 0,
    0, 0, 0, 89, 250, 251, 252, 252, 251, 152, 0, 0, 0, 0, 0, 0, 0, 0, 0, 0,
    0, 0, 0, 0, 0, 0, 89, 250, 251, 252, 252, 251, 151, 0, 0, 0, 0, 0, 0, 0,
    0, 0, 0, 0, 0, 0, 0, 0, 0, 90, 250, 251, 252, 252, 251, 151, 0, 0, 0, 0,
    0, 0, 0, 0, 0, 0, 0, 0, 0, 0, 0, 0, 88, 250, 251, 251, 251, 251, 151, 0,
    0, 0, 0, 0, 0, 0, 0, 0, 0, 0, 0, 0, 0, 0, 0, 89, 250, 251, 252, 251,
    250, 148, 0, 0, 0, 0, 0, 0, 0, 0, 0, 0, 0, 0, 0, 0, 0, 0, 92, 250,
    251, 252, 252, 250, 148, 0, 0, 0, 0, 0, 0, 0, 0, 0, 0, 0, 0, 0, 0, 0,
    0, 95, 250, 252, 252, 252, 251, 154, 0, 0, 0, 0, 0, 0, 0, 0, 0, 0, 0, 0,
    0, 0, 0, 0, 129, 251, 252, 252, 252, 252, 190, 1, 0, 0, 0, 0, 0, 0, 0, 0,
    0, 0, 0, 0, 0, 0, 1, 176, 251, 253, 252, 252, 252, 232, 30, 0, 0, 0, 0, 0,
    0, 0, 0, 0, 0, 0, 0, 0, 0, 57, 227, 253, 253, 253, 252, 252, 250, 134, 7, 0,
    0, 0, 0, 0, 0, 0, 0, 0, 0, 0, 1, 60, 175, 250, 253, 253, 253, 252, 252, 252,
    222, 105, 14, 0, 0, 0, 0, 0, 0, 0, 0, 0, 0, 45, 174, 248, 252, 253, 253, 253,
    253, 252, 252, 250, 215, 108, 7, 0, 0, 0, 0, 0, 0, 0, 0, 15, 151, 248, 251, 252,
    252, 252, 253, 253, 252, 252, 251, 251, 222, 74, 0, 0, 0, 0, 0, 0, 0, 0, 75, 242,
    251, 251, 252, 252, 252, 253, 253, 252, 252, 252, 252, 253, 190, 15, 0, 0, 0, 0, 0, 0,
    4, 174, 250, 251, 252, 252, 252, 252, 253, 253, 253, 252, 252, 252, 253, 248, 70, 0, 0, 0,
    0, 0, 0, 25, 240, 250, 251, 252, 252, 252, 253, 253, 253, 253, 252, 252, 253, 253, 251, 155,
    0, 0, 0, 0, 0, 0, 68, 249, 251, 252, 252, 252, 252, 253, 253, 253, 253, 253, 253, 252,
    252, 252, 218, 0, 0, 0, 0, 0, 0, 106, 250, 252, 252, 252, 252, 253, 253, 253, 253, 253,
    253, 252, 252, 252, 251, 239, 0, 0, 0, 0, 0, 0, 108, 251, 252, 252, 253, 253, 253, 253,
    253, 253, 253, 253, 253, 252, 252, 251, 239, 0, 0, 0, 0, 0, 0, 73, 252, 252, 252, 253,
    253, 253, 253, 253, 253, 253, 253, 253, 252, 252, 250, 215, 0, 0, 0, 0, 0, 0, 40, 248,
    252, 252, 253, 253, 253, 253, 253, 252, 252, 253, 253, 252, 252, 251, 171, 0, 0, 0, 0, 0,
    0, 13, 205, 251, 252, 253, 253, 253, 253, 253, 253, 252, 252, 253, 252, 252, 250, 110, 0, 0,
    0, 0, 0, 0, 1, 123, 248, 251, 252, 253, 253, 253, 253, 253, 252, 252, 253, 252, 252, 226,
    45, 0, 0, 0, 0, 0, 0, 0, 40, 207, 250, 252, 253, 253, 253, 253, 253, 252, 252, 253,
    252, 248, 152, 2, 0, 0, 0, 0, 0, 0, 0, 1, 101, 229, 251, 253, 253, 253, 253, 253,
    252, 252, 252, 248, 211, 41, 0, 0, 0, 0, 0, 0, 0, 0, 0, 0, 117, 243, 253, 253,
    253, 253, 252, 252, 252, 251, 222, 60, 0, 0, 0, 0, 0, 0, 0, 0, 0, 0, 0, 0,
    115, 250, 252, 253, 252, 252, 252, 251, 223, 28, 0, 0, 0, 0, 0, 0, 0, 0, 0, 0,
    0, 0, 0, 24, 232, 252, 252, 252, 252, 251, 250, 136, 4, 0, 0, 0, 0, 0, 0, 0,
    0, 0, 0, 0, 0, 0, 3, 189, 252, 252, 253, 252, 252, 249, 63, 0, 0, 0, 0, 0,
    0, 0, 0, 0, 0, 0, 0, 0, 0, 0, 154, 252, 252, 252, 252, 252, 244, 26, 0, 0,
    0, 0, 0, 0, 0, 0, 0, 0, 0, 0, 0, 0, 0, 130, 251, 252, 252, 252, 252, 233,
    11, 0, 0, 0, 0, 0, 0, 0, 0, 0, 0, 0, 0, 0, 0, 0, 111, 251, 252, 253,
    253, 253, 222, 3, 0, 0, 0, 0, 0, 0, 0, 0, 0, 0, 0, 0, 0, 0, 0, 96,
    251, 252, 253, 253, 253, 217, 0, 0, 0, 0, 0, 0, 0, 0, 0, 0, 0, 0, 0, 0,
    0, 0, 93, 251, 252, 253, 253, 252, 214, 0, 0, 0, 0, 0, 0, 0, 0, 0, 0, 0,
    0, 0, 0, 0, 0, 93, 251, 252, 253, 253, 252, 207, 0, 0, 0, 0, 0, 0, 0, 0,
    0, 0, 0, 0, 0, 0, 0, 0, 95, 251, 252, 253, 253, 252, 205, 0, 0, 0, 0, 0,
    0, 0, 0, 0, 0, 0, 0, 0, 0, 0, 0, 96, 251, 252, 253, 252, 252, 204, 0, 0,
    0, 0, 0, 0, 0, 0, 0, 0, 0, 0, 0, 0, 0, 0, 96, 251, 252, 252, 252, 252,
    204, 0, 0, 0, 0, 0, 0, 0, 0, 0, 0, 0, 0, 0, 0, 0, 0, 109, 251, 252,
    252, 252, 252, 203, 0, 0, 0, 0, 0, 0, 0, 0, 0, 0, 0, 0, 0, 0, 0, 0,
    125, 251, 252, 252, 252, 252, 201, 0, 0, 0, 0, 0, 0, 0, 0, 0, 0, 0, 0, 0,
    0, 0, 0, 125, 251, 252, 252, 252, 252, 198, 0, 0, 0, 0, 0, 0, 0, 0, 0, 0,
    0, 0, 0, 0, 0, 0, 118, 250, 252, 252, 253, 252, 194, 0, 0, 0, 0, 0, 0, 0,
    0, 0, 0, 0, 0, 0, 0, 0, 0, 127, 250, 252, 252, 252, 252, 191, 0, 0, 0, 0,
    0, 0, 0, 0, 0, 0, 0, 0, 0, 0, 0, 0, 130, 250, 251, 252, 252, 252, 191, 0,
    0, 0, 0, 0, 0, 0, 0, 0, 0, 0, 0, 0, 0, 0, 0, 132, 251, 252, 252, 252,
    252, 189, 0, 0, 0, 0, 0, 0, 0, 0, 0, 0, 0, 0, 0, 0, 0, 0, 131, 251,
    252, 252, 252, 252, 179, 0, 0, 0, 0, 0, 0, 0, 0, 0, 0, 0, 0, 0, 0, 0,
    0, 130, 251, 252, 252, 252, 252, 166, 0, 0, 0, 0, 0, 0, 0, 0, 0, 0, 0, 0,
    0, 0, 0, 0, 133, 251, 252, 252, 252, 252, 158, 0, 0, 0, 0, 0, 0, 0, 0, 0,
    0, 0, 0, 0, 0, 0, 0, 137, 251, 252, 252, 252, 252, 158, 0, 0, 0, 0, 0, 0,
    0, 0, 0, 0, 0, 0, 0, 0, 0, 0, 139, 251, 252, 252, 252, 252, 159, 0, 0, 0,
    0, 0, 0, 0, 0, 0, 0, 0, 0, 0, 0, 0, 0, 139, 251, 252, 252, 252, 252, 159,
    0, 0, 0, 0, 0, 0, 0, 0, 0, 0, 0, 0, 0, 0, 0, 0, 138, 251, 252, 252,
    252, 252, 157, 0, 0, 0, 0, 0, 0, 0, 0, 0, 0, 0, 0, 0, 0, 0, 0, 139,
    251, 252, 252, 252, 252, 155, 0, 0, 0, 0, 0, 0, 0, 0, 0, 0, 0, 0, 0, 0,
    0, 0, 141, 251, 252, 252, 252, 252, 154, 0, 0, 0, 0, 0, 0, 0, 0, 0, 0, 0,
    0, 0, 0, 0, 0, 144, 251, 252, 252, 252, 251, 151, 0, 0, 0, 0, 0, 0, 0, 0,
    0, 0, 0, 0, 0, 0, 0, 0, 145, 251, 252, 252, 252, 251, 149, 0, 0, 0, 0, 0,
    0, 0, 0, 0, 0, 0, 0, 0, 0, 0, 0, 144, 250, 252, 252, 252, 252, 147, 0, 0,
    0, 0, 0, 0, 0, 0, 0, 0, 0, 0, 0, 0, 0, 0, 145, 250, 251, 252, 252, 252,
    148, 0, 0, 0, 0, 0, 0, 0, 0, 0, 0, 0, 0, 0, 0, 0, 0, 145, 250, 251,
    252, 252, 252, 149, 0, 0, 0, 0, 0, 0, 0, 0, 0, 0, 0, 0, 0, 0, 0, 0,
    145, 250, 251, 251, 251, 251, 148, 0, 0, 0, 0, 0, 0, 0, 0, 0, 0, 0, 0, 0,
    0, 0, 0, 148, 251, 252, 252, 252, 251, 145, 0, 0, 0, 0, 0, 0, 0, 0, 0, 0,
    0, 0, 0, 0, 0, 0, 149, 252, 252, 252, 252, 252, 145, 0, 0, 0, 0, 0, 0, 0,
    0, 0, 0, 0, 0, 0, 0, 0, 0, 157, 253, 253, 252, 252, 253, 159, 0, 0, 0, 0,
    0, 0, 0, 0, 0, 0, 0, 0, 0, 0, 0, 2, 183, 252, 252, 252, 252, 253, 186, 1,
    0, 0, 0, 0, 0, 0, 0, 0, 0, 0, 0, 0, 0, 0, 13, 222, 252, 252, 252, 252,
    253, 221, 8, 0, 0, 0, 0, 0, 0, 0, 0, 0, 0, 0, 0, 0, 0, 48, 247, 251,
    252, 252, 253, 253, 246, 36, 0, 0, 0, 0, 0, 0, 0, 0, 0, 0, 0, 0, 0, 0,
    131, 251, 252, 252, 252, 253, 252, 251, 105, 0, 0, 0, 0, 0, 0, 0, 0, 0, 0, 0,
    0, 0, 18, 225, 252, 252, 252, 252, 252, 252, 251, 211, 17, 0, 0, 0, 0, 0, 0, 0,
    0, 0, 0, 0, 0, 125, 247, 252, 252, 252, 252, 252, 252, 251, 242, 120, 0, 0, 0, 0,
    0, 0, 0, 0, 0, 0, 0, 58, 215, 252, 252, 252, 252, 252, 252, 252, 252, 250, 212, 58,
    0, 0, 0, 0, 0, 0, 0, 0, 0, 25, 165, 250, 252, 252, 253, 253, 252, 252, 252, 252,
    251, 248, 157, 8, 0, 0, 0, 0, 0, 0, 0, 4, 107, 243, 252, 252, 253, 253, 253, 253,
    253, 253, 252, 252, 250, 232, 64, 0, 0, 0, 0, 0, 0, 0, 45, 218, 251, 252, 252, 253,
    253, 253, 253, 253, 253, 252, 252, 251, 249, 169, 21, 0, 0, 0, 0, 0, 6, 162, 252, 252,
    252, 253, 253, 253, 253, 253, 253, 252, 252, 252, 251, 251, 247, 99, 2, 0, 0, 0, 0, 71,
    248, 253, 253, 253, 253, 253, 253, 253, 253, 253, 252, 252, 252, 252, 252, 251, 233, 21, 0, 0,
    0, 10, 204, 251, 253, 253, 253, 253, 253, 253, 253, 253, 253, 252, 252, 253, 253, 252, 252, 249,
    155, 1, 0, 0, 90, 242, 252, 253, 253, 253, 253, 253, 253, 253, 253, 253, 253, 253, 253, 253,
    253, 252, 252, 230, 52, 0, 3, 174, 251, 253, 253, 253, 253, 253, 253, 253, 253, 253, 253, 253,
    253, 253, 253, 253, 253, 252, 250, 135, 0, 25, 228, 252, 253, 253, 253, 253, 253, 253, 252, 252,
    253, 253, 253, 253, 253, 253, 253, 253, 252, 252, 207, 11, 69, 249, 252, 253, 253, 253, 253, 253,
    253, 252, 252, 252, 252, 253, 253, 253, 253, 253, 253, 252, 252, 244, 42, 120, 250, 252, 253, 253,
    253, 253, 253, 253, 252, 252, 252, 252, 253, 253, 253, 253, 253, 253, 252, 252, 250, 89, 159, 251,
    252, 252, 253, 253, 253, 253, 253, 252, 252, 252, 252, 252, 252, 253, 253, 253, 253, 252, 252, 251,
    133, 186, 252, 252, 252, 252, 252, 252, 252, 252, 253, 252, 252, 252, 252, 252, 252, 253, 253, 253,
    252, 252, 252, 174, 219, 252, 252, 252, 252, 252, 252, 252, 253, 253, 252, 252, 252, 252, 252, 252,
    253, 253, 253, 252, 252, 253, 188, 222, 251, 252, 252, 253, 253, 252, 253, 253, 253, 253, 252, 252,
    252, 252, 252, 253, 253, 253, 253, 252, 252, 201, 208, 251, 252, 252, 253, 253, 252, 253, 253, 253,
    253, 252, 252, 252, 252, 252, 253, 253, 253, 253, 252, 252, 193, 192, 251, 252, 252, 252, 252, 252,
    252, 252, 253, 253, 252, 252, 252, 252, 252, 253, 253, 253, 253, 253, 253, 182, 169, 252, 252, 252,
    252, 252, 252, 252, 252, 252, 252, 252, 252, 252, 252, 252, 253, 253, 253, 253, 253, 252, 162, 136,
    251, 252, 252, 252, 252, 252, 252, 252, 252, 252, 252, 252, 252, 252, 252, 253, 253, 253, 253, 253,
    252, 125, 91, 250, 252, 252, 252, 252, 252, 252, 252, 252, 252, 252, 252, 253, 253, 253, 253, 253,
    253, 253, 252, 250, 81, 28, 239, 252, 252, 252, 252, 252, 252, 252, 252, 252, 253, 253, 253, 253,
    252, 252, 253, 253, 253, 252, 242, 27, 1, 175, 251, 252, 253, 253, 253, 253, 253, 253, 253, 253,
    253, 253, 252, 252, 252, 252, 252, 252, 251, 175, 1, 0, 95, 249, 252, 253, 253, 253, 253, 253,
    253, 253, 253, 253, 253, 252, 252, 252, 252, 252, 252, 248, 88, 0, 0, 28, 214, 251, 253, 253,
    253, 253, 253, 253, 253, 253, 253, 253, 253, 252, 252, 252, 252, 251, 210, 22, 0, 0, 2, 123,
    247, 253, 253, 253, 253, 253, 253, 253, 253, 253, 253, 253, 252, 252, 252, 252, 249, 122, 0, 0,
    0, 0, 37, 204, 252, 252, 253, 253, 253, 253, 253, 253, 253, 253, 253, 252, 252, 252, 251, 205,
    38, 0, 0, 0, 0, 0, 114, 245, 252, 253, 253, 253, 253, 253, 253, 253, 253, 253, 252, 252,
    252, 240, 111, 0, 0, 0, 0, 0, 0, 20, 207, 251, 253, 253, 253, 253, 253, 253, 253, 252,
    252, 252, 252, 251, 192, 14, 0, 0, 0, 0, 0, 0, 0, 66, 245, 252, 253, 253, 253, 253,
    253, 252, 252, 252, 252, 252, 246, 68, 0, 0, 0, 0, 0, 0, 0, 0, 1, 132, 251, 252,
    253, 253, 253, 253, 252, 252, 252, 252, 250, 133, 1, 0, 0, 0, 0, 0, 0, 0, 0, 0,
    23, 192, 252, 253, 253, 253, 253, 252, 252, 252, 250, 189, 24, 0, 0, 0, 0, 0, 0, 0,
    0, 0, 0, 1, 69, 236, 253, 252, 253, 252, 252, 253, 252, 231, 67, 1, 0, 0, 0, 0,
    0, 0, 0, 0, 0, 0, 0, 10, 138, 248, 252, 252, 252, 252, 253, 249, 134, 9, 0, 0,
    0, 0, 0, 0, 0, 0, 0, 0, 0, 0, 0, 39, 181, 249, 251, 251, 251, 252, 200, 38,
    0, 0, 0, 0, 0, 0, 0, 0, 0, 0, 0, 0, 0, 0, 0, 67, 218, 249, 251, 251,
    235, 101, 0, 0, 0, 0, 0, 0, 0, 0, 0, 0, 0, 0, 0, 0, 0, 0, 0, 127,
    236, 249, 243, 172, 9, 0, 0, 0, 0, 0, 0, 0, 0, 0, 0, 0, 0, 0, 0, 0,
    0, 0, 4, 163, 244, 203, 34, 0, 0, 0, 0, 0, 0, 0, 0, 0,
};

const uint16_t REGISTER_RGB[] PROGMEM = {
    0x0000, 0x0000, 0x0000, 0x0000, 0x0000, 0x0000, 0x0000, 0x0000, 0x0000, 0x0000, 0x0000, 0x0000,
    0x20E2, 0x20C2, 0x0000, 0x0000, 0x0000, 0x0000, 0x0000, 0x0000, 0x0000, 0x0000, 0x0000, 0x0000,
    0x0000, 0x0000, 0x0000, 0x0000, 0x0000, 0x0000, 0x0000, 0x0000, 0x0000, 0x0000, 0x0000, 0x0000,
    0x0000, 0x1081, 0x5A88, 0x3964, 0x0861, 0x0000, 0x0000, 0x0000, 0x0000, 0x0000, 0x0000, 0x0000,
    0x0000, 0x0000, 0x0000, 0x0000, 0x0000, 0x0000, 0x0000, 0x0000, 0x0000, 0x0000, 0x0000, 0x0000,
    0x0000, 0x0000, 0x0000, 0x3164, 0xA4D1, 0x3964, 0x1882, 0x0000, 0x0000, 0x0000, 0x0000, 0x0000,
    0x0000, 0x0000, 0x0000, 0x0000, 0x0000, 0x0000, 0x0000, 0x0000, 0x0000, 0x0000, 0x0000, 0x0000,
    0x0000, 0x0000, 0x0000, 0x0000, 0x0000, 0x4A06, 0xB533, 0x41A5, 0x20E2, 0x0000, 0x0000, 0x0000,
    0x0000, 0x0000, 0x0000, 0x0000, 0x0000, 0x0000, 0x0000, 0x0000, 0x0000, 0x0000, 0x0000, 0x0000,
    0x0000, 0x0000, 0x0000, 0x0000, 0x0000, 0x0000, 0x0020, 0x5A67, 0xD657, 0x62A9, 0x20C1, 0x0020,
    0x0000, 0x0000, 0x0000, 0x0000, 0x0000, 0x0000, 0x0000, 0x0000, 0x0000, 0x0000, 0x0000, 0x0000,
    0x0000, 0x0000, 0x0000, 0x0000, 0x0000, 0x0000, 0x0000, 0x0000, 0x1061, 0x7B2A, 0xDE78, 0x6AEA,
    0x20C1, 0x0840, 0x0000, 0x0000, 0x0000, 0x0000, 0x0000, 0x0000, 0x0000, 0x0000, 0x0000, 0x0000,
    0x0000, 0x0000, 0x0000, 0x0000, 0x0000, 0x0000, 0x0000, 0x0000, 0x0000, 0x0000, 0x3103, 0x93CD,
    0xDE36, 0x836B, 0x28E1, 0x10A2, 0x0000, 0x0000, 0x0000, 0x0000, 0x0000, 0x0000, 0x0000, 0x0000,
    0x0000, 0x0000, 0x0000, 0x0000, 0x0000, 0x0000, 0x0000, 0x0000, 0x0000, 0x0000, 0x0000, 0x0000,
    0x41A5, 0xACF1, 0xDE77, 0x942E, 0x28E1, 0x18C2, 0x0000, 0x0000, 0x0000, 0x0000, 0x0000, 0x0000,
    0x0000, 0x0000, 0x0000, 0x0000, 0x0000, 0x0000, 0x0000, 0x0000, 0x0000, 0x0000, 0x0000, 0x0000,
    0x0000, 0x0000, 0x5226, 0xB552, 0xDE56, 0xB510, 0x3122, 0x18C2, 0x0000, 0x0000, 0x0000, 0x0000,
    0x0000, 0x0000, 0x0000, 0x0000, 0x0000, 0x0000, 0x0000, 0x0000, 0x0000, 0x0000, 0x0000, 0x0000,
    0x0000, 0x0000, 0x0000, 0x1081, 0x730A, 0xCDF4, 0xCDF3, 0xB510, 0x3983, 0x20C2, 0x0000, 0x0000,
    0x0000, 0x0000, 0x0000, 0x0000, 0x0000, 0x0000, 0x0000, 0x0000, 0x0000, 0x0000, 0x0000, 0x0000,
    0x0000, 0x0000, 0x0000, 0x0000, 0x0000, 0x2102, 0x7B2A, 0xD634, 0xD613, 0xBD50, 0x41C4, 0x18C1,
    0x0000, 0x0000, 0x0000, 0x0000, 0x0000, 0x0000, 0x0000, 0x0000, 0x0000, 0x0000, 0x0000, 0x0000,
    0x0000, 0x0000, 0x0000, 0x0000, 0x0000, 0x0000, 0x0000, 0x3984, 0x838B, 0xD634, 0xCE12, 0xB52F,
    0x49E4, 0x20E1, 0x0000, 0x0000, 0x0000, 0x0000, 0x0000, 0x0000, 0x0000, 0x0000, 0x0000, 0x0000,
    0x0000, 0x0000, 0x0000, 0x0000, 0x0000, 0x0000, 0x0000, 0x0000, 0x0020, 0x49E5, 0xA490, 0xD635,
    0xD613, 0xC590, 0x6286, 0x3122, 0x0820, 0x0000, 0x0000, 0x0000, 0x0000, 0x0000, 0x0000, 0x0000,
    0x0000, 0x0000, 0x0000, 0x0000, 0x0000, 0x0000, 0x0000, 0x0000, 0x0000, 0x0000, 0x0840, 0x5A27,
    0xCDB4, 0xD5F4, 0xCDD2, 0xBD2F, 0x8369, 0x2902, 0x1040, 0x0000, 0x0000, 0x0000, 0x0000, 0x0000,
    0x0000, 0x0000, 0x0000, 0x0000, 0x0000, 0x0000, 0x0000, 0x0000, 0x0000, 0x0000, 0x0000, 0x0000,
    0x2923, 0x5A46, 0xE6B7, 0xC571, 0xB4CD, 0xB4AD, 0x93EB, 0x3943, 0x20C2, 0x0000, 0x0000, 0x0000,
    0x0000, 0x0000, 0x0000, 0x0000, 0x0000, 0x0000, 0x0000, 0x0000, 0x0000, 0x0000, 0x0000, 0x0000,
    0x0000, 0x0000, 0x39A5, 0x7B4A, 0xEF39, 0xDE34, 0xDE12, 0xCDB0, 0xACCE, 0x41C4, 0x20E2, 0x0000,
    0x0000, 0x0000, 0x0000, 0x0000, 0x0000, 0x0000, 0x0000, 0x0000, 0x0000, 0x0000, 0x0000, 0x0000,
    0x0000, 0x0000, 0x0000, 0x0020, 0x49E5, 0xACF1, 0xEED8, 0xDE54, 0xDE33, 0xDE12, 0xC590, 0x6AC7,
    0x20E2, 0x0020, 0x0000, 0x0000, 0x0000, 0x0000, 0x0000, 0x0000, 0x0000, 0x0000, 0x0000, 0x0000,
    0x0000, 0x0000, 0x0000, 0x0000, 0x0000, 0x2923, 0x6AE8, 0xC593, 0xE655, 0xCDB1, 0xDE12, 0xE674,
    0xDE12, 0x942C, 0x28E1, 0x1061, 0x0000, 0x0000, 0x0000, 0x0000, 0x0000, 0x0000, 0x0000, 0x0000,
    0x0000, 0x0000, 0x0000, 0x0000, 0x0000, 0x0000, 0x0000, 0x4A06, 0x6AA7, 0xCD92, 0xDE13, 0xD5F1,
    0xD5F1, 0xD612, 0xD5F2, 0xB50F, 0x3963, 0x20A2, 0x0000, 0x0000, 0x0000, 0x0000, 0x0000, 0x0000,
    0x0000, 0x0000, 0x0000, 0x0000, 0x0000, 0x0000, 0x0000, 0x0000, 0x18C2, 0x6287, 0xA48E, 0xE675,
    0xC570, 0xC590, 0xCDD1, 0xC590, 0xBD2F, 0x9C4C, 0x41C3, 0x20E2, 0x0000, 0x0000, 0x0000, 0x0000,
    0x0000, 0x0000, 0x0000, 0x0000, 0x0000, 0x0000, 0x0000, 0x0000, 0x0000, 0x0000, 0x41E6, 0x6AC8,
    0xEEF8, 0xDE75, 0xD5F2, 0xD612, 0xD632, 0xDE33, 0xC590, 0xBD2F, 0x62A6, 0x2901, 0x20C1, 0x0000,
    0x0000, 0x0000, 0x0000, 0x0000, 0x0000, 0x0000, 0x0000, 0x0000, 0x0000, 0x0000, 0x0000, 0x20E3,
    0x5206, 0xB511, 0xEED7, 0xD5D2, 0xD5F2, 0xD632, 0xD612, 0xD612, 0xD5F2, 0xCDB1, 0xA46C, 0x3983,
    0x3102, 0x0000, 0x0000, 0x0000, 0x0000, 0x0000, 0x0000, 0x0000, 0x0000, 0x0000, 0x0000, 0x0000,
    0x0820, 0x5248, 0x836B, 0xEEB7, 0xDE33, 0xC56F, 0xDE33, 0xDE33, 0xD613, 0xD5F2, 0xD5F2, 0xD5F2,
    0xC550, 0x7B49, 0x28E2, 0x1060, 0x0000, 0x0000, 0x0000, 0x0000, 0x0000, 0x0000, 0x0000, 0x0000,
    0x0000, 0x0000, 0x2924, 0x6288, 0xB4F1, 0xF6F8, 0xD613, 0xC570, 0xDE53, 0xE654, 0xC590, 0xD5D2,
    0xCDD1, 0xD5F2, 0xD5D1, 0xACCE, 0x3963, 0x2902, 0x0000, 0x0000, 0x0000, 0x0000, 0x0000, 0x0000,
    0x0000, 0x0000, 0x0000, 0x0841, 0x5248, 0x7B4B, 0xF6F9, 0xEED7, 0xDE54, 0xCDB1, 0xDE53, 0xE674,
    0xC550, 0xD5D2, 0xD5F2, 0xD5F2, 0xD5F2, 0xB4EE, 0x5225, 0x20E2, 0x0000, 0x0000, 0x0000, 0x0000,
    0x0000, 0x0000, 0x0000, 0x0000, 0x0000, 0x3985, 0x62A8, 0xB531, 0xEEB6, 0xE695, 0xDE74, 0xE674,
    0xE674, 0xE654, 0xCDB1, 0xDE12, 0xDE33, 0xDE33, 0xC550, 0xCDB1, 0x8BAA, 0x3141, 0x18A1, 0x0000,
    0x0000, 0x0000, 0x0000, 0x0000, 0x0000, 0x0000, 0x1082, 0x41C5, 0x7309, 0xF718, 0xD612, 0xCDB1,
    0xDE54, 0xDE53, 0xE674, 0xCDD1, 0xDE33, 0xDE33, 0xDE33, 0xE654, 0xD5D1, 0xDE14, 0xBD50, 0x4A25,
    0x2902, 0x0000, 0x0000, 0x0000, 0x0000, 0x0000, 0x0000, 0x0000, 0x39C5, 0x5A46, 0xC593, 0xF717,
    0xC5B0, 0xC56F, 0xDE33, 0xDE13, 0xDE12, 0xCDD1, 0xD612, 0xCDD1, 0xD5F2, 0xDE13, 0xDE33, 0xDE13,
    0xCD91, 0x7B8A, 0x2101, 0x0820, 0x0000, 0x0000, 0x0000, 0x0000, 0x0000, 0x0000, 0x62A9, 0x83AC,
    0xF719, 0xDE74, 0xD612, 0xDE32, 0xD612, 0xDE33, 0xDE33, 0xCDB0, 0xDE12, 0xCD90, 0xD612, 0xD5F2,
    0xCDB1, 0xD5F2, 0xCDB1, 0x9C4C, 0x2901, 0x20E2, 0x0000, 0x0000, 0x0000, 0x0000, 0x0000, 0x18C2,
    0x838C, 0xAD11, 0xEEF8, 0xD613, 0xDE32, 0xDE33, 0xDE53, 0xDE33, 0xDE33, 0xD5F2, 0xD612, 0xCDD1,
    0xDE12, 0xD5F2, 0xCDD1, 0xCDB1, 0xD5F2, 0xA46C, 0x49E4, 0x18A0, 0x0000, 0x0000, 0x0000, 0x0000,
    0x0000, 0x3985, 0x6AC7, 0xDE76, 0xDE55, 0xCDD1, 0xDE12, 0xDE33, 0xDE53, 0xE674, 0xDE53, 0xDE33,
    0xDE33, 0xDE33, 0xDE54, 0xDE13, 0xD612, 0xD5F2, 0xD5F2, 0xC570, 0x7B48, 0x20C1, 0x1040, 0x0000,
    0x0000, 0x0000, 0x0000, 0x41E5, 0x8BEC, 0xF718, 0xDE13, 0xCD90, 0xDE33, 0xE653, 0xE674, 0xE694,
    0xBD50, 0xBD50, 0xE654, 0xDE54, 0xDE54, 0xE654, 0xDE54, 0xD5F2, 0xD5F2, 0xBD4F, 0x93CB, 0x28E2,
    0x1881, 0x0000, 0x0000, 0x0000, 0x1081, 0x5225, 0x942C, 0xEED6, 0xDE32, 0xDE12, 0xDE13, 0xD612,
    0xDE54, 0xE674, 0xE674, 0xDE54, 0xEEB5, 0xEEB5, 0xD5F2, 0xDE33, 0xDE54, 0xD5F2, 0xC590, 0xCDD1,
    0xACAE, 0x3122, 0x20A2, 0x0000, 0x0000, 0x0000, 0x20E3, 0x5225, 0xA48E, 0xEED6, 0xDE53, 0xD5F1,
    0xD5F2, 0xD612, 0xDE53, 0xDE54, 0xE694, 0xDE54, 0xE6B5, 0xE6B5, 0xDE74, 0xDE74, 0xE674, 0xE694,
    0xC590, 0xD5F2, 0xB50E, 0x4983, 0x20C2, 0x0000, 0x0000, 0x0000, 0x2923, 0x51E4, 0xBD51, 0xEED7,
    0xDE33, 0xD5F2, 0xD612, 0xD613, 0xDE53, 0xE674, 0xE674, 0xBD0F, 0xB50F, 0xDE74, 0xE674, 0xDE54,
    0xE674, 0xE695, 0xCDB1, 0xD5F2, 0xACEE, 0x51E4, 0x2923, 0x0000, 0x0000, 0x0000, 0x2902, 0x6287,
    0xC572, 0xEE96, 0xDE33, 0xDE54, 0xDE53, 0xDE53, 0xDE54, 0xDE54, 0xDE54, 0xC570, 0xA48D, 0xDE54,
    0xE674, 0xDE33, 0xDE33, 0xD613, 0xD5F2, 0xCDB1, 0xB50F, 0x5204, 0x20E2, 0x0000, 0x0000, 0x0000,
    0x2103, 0x5225, 0xC571, 0xDE34, 0xDE54, 0xE674, 0xE674, 0xE674, 0xC570, 0xDE33, 0xE654, 0xDE54,
    0xD5F2, 0xD613, 0xD613, 0xD612, 0xD5F2, 0xCDD2, 0xD5F2, 0xC591, 0xB50F, 0x5205, 0x28C1, 0x0000,
    0x0000, 0x0000, 0x18C2, 0x49C4, 0xACCE, 0xD5F2, 0xE674, 0xDE54, 0xE674, 0xDE53, 0xC590, 0xD613,
    0xE674, 0xE674, 0xDE33, 0xD5F2, 0xD5F2, 0xD5F2, 0xD613, 0xCDD2, 0xD5F2, 0xC570, 0xACCD, 0x49C3,
    0x28E2, 0x0000, 0x0000, 0x0000, 0x18C2, 0x49C4, 0xA46D, 0xE675, 0xDE54, 0xCDD2, 0xE674, 0xDE54,
    0xDE54, 0xDE54, 0xD613, 0xE654, 0xDE33, 0xDE54, 0xDE54, 0xD613, 0xD613, 0xD5F2, 0xBD2F, 0xACED,
    0x940B, 0x3962, 0x18A1, 0x0000, 0x0000, 0x0000, 0x1081, 0x4183, 0x7B08, 0xE654, 0xEEB5, 0xE654,
    0xCDD1, 0xDE13, 0xD612, 0xDE33, 0xD5F2, 0xDE54, 0xDE33, 0xDE54, 0xE674, 0xD613, 0xD5D2, 0xD5F2,
    0xCDB1, 0xBD2F, 0x8BAA, 0x3102, 0x20A1, 0x0000, 0x0000, 0x0000, 0x0020, 0x3163, 0x5A45, 0xDE33,
    0xEED5, 0xDE33, 0xDE13, 0xDE13, 0xDE12, 0xD612, 0xE694, 0xE674, 0xDE54, 0xD613, 0xDE54, 0xD613,
    0xC591, 0xD5F2, 0xCDD1, 0xC570, 0x72E8, 0x28C1, 0x1882, 0x0000, 0x0000, 0x0000, 0x0000, 0x3163,
    0x6266, 0xC52F, 0xE653, 0xE654, 0xDE12, 0xD5F2, 0xE653, 0xDE13, 0xDE33, 0xE674, 0xD613, 0xB50F,
    0xDE54, 0xDE54, 0xCDB1, 0xCDD2, 0xCDB1, 0xBD2F, 0x49C4, 0x20A1, 0x0000, 0x0000, 0x0000, 0x0000,
    0x0000, 0x20E2, 0x41A4, 0x8BAA, 0xD5D1, 0xDE33, 0xD5D2, 0xDDF2, 0xDE33, 0xDE53, 0xDE53, 0xCDB1,
    0xCDD2, 0xC570, 0xDE33, 0xDE53, 0xD5D2, 0xCDB1, 0xC590, 0x93EB, 0x3102, 0x1881, 0x0000, 0x0000,
    0x0000, 0x0000, 0x0000, 0x0020, 0x3122, 0x5204, 0xBD2E, 0xDE12, 0xDDF2, 0xDE13, 0xDE33, 0xDE53,
    0xDE33, 0xDE33, 0xD5F2, 0xCDD1, 0xD613, 0xD612, 0xC591, 0xC590, 0xACAD, 0x5A25, 0x2081, 0x1061,
    0x0000, 0x0000, 0x0000, 0x0000, 0x0000, 0x0000, 0x20C2, 0x3942, 0x7B48, 0xD5D1, 0xE633, 0xE654,
    0xDE33, 0xDE33, 0xDE33, 0xCDD1, 0xDE33, 0xD612, 0xD5F2, 0xCD91, 0xCDD1, 0xBD50, 0x8B89, 0x3101,
    0x20E2, 0x0000, 0x0000, 0x0000, 0x0000, 0x0000, 0x0000, 0x0000, 0x0000, 0x2923, 0x4183, 0xA44C,
    0xDE12, 0xEE95, 0xDE13, 0xD613, 0xE674, 0xDE33, 0xD5D1, 0xC570, 0xD612, 0xD5F2, 0xCDD2, 0xA46D,
    0x59E4, 0x3101, 0x1081, 0x0000, 0x0000, 0x0000, 0x0000, 0x0000, 0x0000, 0x0000, 0x0000, 0x0840,
    0x3143, 0x51E4, 0xA46C, 0xCD71, 0xEE95, 0xE674, 0xD613, 0xD5F2, 0xD5F2, 0xD5F2, 0xD5F2, 0xCDB1,
    0xB50E, 0x6266, 0x3102, 0x20E2, 0x0000, 0x0000, 0x0000, 0x0000, 0x0000, 0x0000, 0x0000, 0x0000,
    0x0000, 0x0000, 0x18E2, 0x3963, 0x51C4, 0xA46D, 0xE695, 0xEEB6, 0xE695, 0xD5F2, 0xD5D1, 0xCD90,
    0xBD2F, 0xB4EE, 0x5A46, 0x20A0, 0x2903, 0x0020, 0x0000, 0x0000, 0x0000, 0x0000, 0x0000, 0x0000,
    0x0000, 0x0000, 0x0000, 0x0000, 0x0000, 0x2923, 0x4164, 0x4184, 0xACEE, 0xE675, 0xDE53, 0xCDD2,
    0xD5D1, 0xC550, 0xA46D, 0x49E4, 0x20A1, 0x20E2, 0x0840, 0x0000, 0x0000, 0x0000, 0x0000, 0x0000,
    0x0000, 0x0000, 0x0000, 0x0000, 0x0000, 0x0000, 0x0000, 0x0861, 0x41A5, 0x3102, 0x5A46, 0x940C,
    0xCDB1, 0xCDB1, 0xCDD1, 0xD5D2, 0x9C4E, 0x3942, 0x20E1, 0x0860, 0x0000, 0x0000, 0x0000, 0x0000,
    0x0000, 0x0000, 0x0000, 0x0000, 0x0000, 0x0000, 0x0000, 0x0000, 0x0000, 0x1081, 0x730A, 0x49C5,
    0x3923, 0x6267, 0xB50F, 0xBD4F, 0xE654, 0xDE54, 0x7B4A, 0x2902, 0x2102, 0x0000, 0x0000, 0x0000,
    0x0000, 0x0000, 0x0000, 0x0000, 0x0000, 0x0000, 0x0000, 0x0000, 0x0000, 0x0000, 0x0000, 0x20C2,
    0x5A26, 0x730A, 0x3963, 0x49A4, 0xE676, 0xE695, 0xE695, 0xDE13, 0x6AC7, 0x3122, 0x3123, 0x0820,
    0x0000, 0x0000, 0x0000, 0x0000, 0x0000, 0x0000, 0x0000, 0x0000, 0x0000, 0x0000, 0x0000, 0x0000,
    0x0000, 0x4A06, 0x730A, 0x6AA8, 0x7B2A, 0x5A46, 0xCDB3, 0xD5F2, 0xD5D1, 0xCDB2, 0x93EB, 0x3963,
    0x4184, 0x3943, 0x2923, 0x0020, 0x0000, 0x0000, 0x0000, 0x0000, 0x0000, 0x0000, 0x0000, 0x0000,
    0x0000, 0x0000, 0x18A2, 0x7B4B, 0x5206, 0x49C5, 0x51E5, 0x9C2E, 0xD614, 0xB4CD, 0xBD0E, 0xB4EE,
    0xC570, 0xACCF, 0x838C, 0x5A46, 0x3122, 0x2922, 0x1081, 0x0000, 0x0000, 0x0000, 0x0000, 0x0000,
    0x0000, 0x0000, 0x0000, 0x0000, 0x41C5, 0x5228, 0x49A5, 0x838B, 0xD614, 0xEEB6, 0xCD90, 0xD5B1,
    0xD5D2, 0xCD91, 0xD5F2, 0xCDD2, 0xCDD3, 0xBD50, 0x7328, 0x3922, 0x2902, 0x18A1, 0x0000, 0x0000,
    0x0000, 0x0000, 0x0000, 0x0000, 0x0000, 0x3164, 0x41A5, 0x836C, 0xBD53, 0xE6B6, 0xDE33, 0xD5F2,
    0xCD90, 0xDE12, 0xD612, 0xD5F2, 0xDE33, 0xDE54, 0xD613, 0xCDF2, 0xCDB1, 0x9C2B, 0x41A2, 0x2902,
    0x18A2, 0x0000, 0x0000, 0x0000, 0x0000, 0x0000, 0x18C2, 0x41A4, 0x6267, 0xD5F5, 0xE696, 0xE674,
    0xD5F2, 0xD5F2, 0xD5F2, 0xD5F2, 0xD612, 0xD5F2, 0xDE54, 0xD613, 0xD5F2, 0xD612, 0xD5F2, 0xBD2F,
    0xA48D, 0x49E4, 0x20E2, 0x1061, 0x0000, 0x0000, 0x0000, 0x0840, 0x5226, 0x7309, 0xC5B3, 0xE696,
    0xDE13, 0xDE13, 0xD5F2, 0xD5D2, 0xC54F, 0xD5F2, 0xD5F2, 0xCDB1, 0xDE33, 0xDE13, 0xDE12, 0xD612,
    0xD5F2, 0xC56F, 0xCDB1, 0x9C2C, 0x3963, 0x20E2, 0x0000, 0x0000, 0x0000, 0x2903, 0x7B4B, 0xAC8E,
    0xDE14, 0xC591, 0xCDB1, 0xDE33, 0xD5F2, 0xD5F2, 0xD5F2, 0xD5F2, 0xD5F2, 0xB50E, 0xD5F2, 0xDE13,
    0xDE12, 0xCD90, 0xCDB0, 0xCDB0, 0xD5F2, 0xCD91, 0x6AC8, 0x3143, 0x1861, 0x0000, 0x0000, 0x5205,
    0x836A, 0xCDD3, 0xDE54, 0xDE13, 0xD612, 0xD613, 0xD613, 0xD613, 0xC591, 0xD5D2, 0xD5D1, 0xAC8C,
    0xD5F2, 0xDE12, 0xDE12, 0xCDB0, 0xC56F, 0xD5F1, 0xD612, 0xCDB1, 0x9C0C, 0x3983, 0x20E2, 0x0000,
    0x18A1, 0x6287, 0xA46E, 0xF738, 0xDE54, 0xDE33, 0xDE33, 0xDE53, 0xDE53, 0xDE53, 0xD5F2, 0xB4EE,
    0x93CA, 0x8B89, 0xC570, 0xD5F2, 0xD5F2, 0xD5F2, 0xCDB1, 0xD5D1, 0xD5F1, 0xD5D1, 0xB4EF, 0x5225,
    0x20C1, 0x0841, 0x20E2, 0x5A46, 0xB510, 0xE696, 0xD5F3, 0xDE13, 0xDE53, 0xDE53, 0xDE53, 0xDE12,
    0xA48D, 0x4182, 0x28C0, 0x20A0, 0x41C3, 0xB4EE, 0xDE12, 0xDE33, 0xD612, 0xD5F2, 0xCDD1, 0xD5F2,
    0xBD4F, 0x7329, 0x20E2, 0x1081, 0x2923, 0x5205, 0xBD30, 0xCD91, 0xC550, 0xD5D2, 0xDE33, 0xD612,
    0xD5F2, 0xBD4F, 0x4183, 0x2081, 0x1040, 0x0840, 0x1060, 0x72E7, 0xCDD1, 0xDE33, 0xE674, 0xEEB5,
    0xE654, 0xDE33, 0xD5F2, 0x940C, 0x3122, 0x20C2, 0x3983, 0x5A25, 0xCDB2, 0xD5D1, 0xB4AD, 0xD5D2,
    0xDE33, 0xD612, 0xCDB0, 0xACAC, 0x28E1, 0x0840, 0x0020, 0x0020, 0x0820, 0x51E5, 0xE6B5, 0xDE53,
    0xE653, 0xE654, 0xE653, 0xDE13, 0xD612, 0xACCE, 0x3942, 0x20E3, 0x3964, 0x4163, 0xD5D3, 0xDE12,
    0xD5B1, 0xD5F2, 0xDE33, 0xE654, 0xDE33, 0xC570, 0x28E1, 0x0800, 0x0820, 0x0820, 0x1040, 0x62A6,
    0xEEF5, 0xCDD1, 0xCDB1, 0xCD90, 0xD5F2, 0xD5F2, 0xD5F2, 0xACAD, 0x3941, 0x20E2, 0x3123, 0x4983,
    0xACAE, 0xD5D1, 0xDE33, 0xDE13, 0xD5F2, 0xE674, 0xDE54, 0xD5D2, 0x7B69, 0x1860, 0x0841, 0x1040,
    0x3143, 0xC592, 0xE694, 0xD612, 0xDE32, 0xDE12, 0xD5F2, 0xD5F2, 0xC590, 0x93EA, 0x3101, 0x20C2,
    0x1081, 0x4184, 0x8B89, 0xD5F2, 0xDE33, 0xDE33, 0xCDB1, 0xE674, 0xD5F2, 0xD5B1, 0xCDD1, 0x83AB,
    0x6AA8, 0x8348, 0xC591, 0xF6F8, 0xDE13, 0xDE33, 0xE653, 0xDE12, 0xD5D1, 0xAC8D, 0xC56F, 0x7B28,
    0x4183, 0x18A2, 0x0000, 0x3963, 0x6245, 0xCD90, 0xDE13, 0xDE13, 0xD5F2, 0xDE13, 0xD5F2, 0xD5F2,
    0xD5D2, 0xDE12, 0xDE13, 0xDE53, 0xDE33, 0xDE13, 0xDE12, 0xD5D1, 0xDE12, 0xD5F2, 0xD5F2, 0xD5D1,
    0xBD4F, 0x5A86, 0x20A1, 0x0841, 0x0000, 0x18A1, 0x3962, 0xB4AD, 0xDE12, 0xE654, 0xD5F2, 0xD5F2,
    0xD5F2, 0xDE13, 0xDE33, 0xDE33, 0xC570, 0xC570, 0xD5D1, 0xCDB0, 0xCD90, 0xCDB1, 0xD5D2, 0xCDB1,
    0xD5F2, 0xCDB1, 0xA48C, 0x3942, 0x28E2, 0x0000, 0x0000, 0x0000, 0x3102, 0x6A86, 0xCD70, 0xDE33,
    0xCD91, 0xD5B1, 0xDE13, 0xDE12, 0xDE13, 0xD5F2, 0xD5D2, 0xD5F2, 0xDE12, 0xCD90, 0xBD2F, 0xC570,
    0xD5D1, 0xD5F2, 0xCDD2, 0xBD2F, 0x72C7, 0x28C0, 0x18A2, 0x0000, 0x0000, 0x0000, 0x18A1, 0x3962,
    0x8B8A, 0xCDD1, 0xD5F2, 0xCD90, 0xDE33, 0xDE13, 0xDE33, 0xCDB1, 0xD5D2, 0xDE12, 0xDE12, 0xCD90,
    0xBD2F, 0xD5D1, 0xDE33, 0xD5F2, 0xBD50, 0x940B, 0x3922, 0x3122, 0x0020, 0x0000, 0x0000, 0x0000,
    0x0000, 0x2902, 0x49A4, 0xACAD, 0xDE32, 0xDE12, 0xE653, 0xDE33, 0xD5F2, 0xC591, 0xDE33, 0xDE13,
    0xCDB1, 0xBD2F, 0xC590, 0xD5F2, 0xD613, 0xC590, 0x9C2C, 0x4183, 0x1860, 0x20C2, 0x0000, 0x0000,
    0x0000, 0x0000, 0x0000, 0x0861, 0x2902, 0x5204, 0xA48D, 0xD5D2, 0xD5F2, 0xD5D1, 0xD5D1, 0xCDB1,
    0xDE33, 0xD5F2, 0xBD2F, 0xC570, 0xC591, 0xCDD2, 0xCDB1, 0x8BEB, 0x4183, 0x20C1, 0x18A1, 0x0000,
    0x0000, 0x0000, 0x0000, 0x0000, 0x0000, 0x0000, 0x0841, 0x28E1, 0x3943, 0x51E4, 0x8327, 0xA44B,
    0xC56F, 0xD5F2, 0xD5F2, 0xD5F2, 0xCD91, 0xC570, 0xBD50, 0xB530, 0x7B6A, 0x3143, 0x18A0, 0x18A1,
    0x0000, 0x0000, 0x0000, 0x0000, 0x0000, 0x0000, 0x0000, 0x0000, 0x0000, 0x0820, 0x28E3, 0x2902,
    0x4163, 0x7B28, 0x9C4C, 0xA4AD, 0xACAE, 0xB50F, 0xB4EF, 0x93EB, 0x6AE8, 0x41A4, 0x3143, 0x20E2,
    0x0840, 0x0000, 0x0000, 0x0000, 0x0000, 0x0000, 0x0000, 0x0000, 0x0000, 0x0000, 0x0000, 0x0000,
    0x0000, 0x1881, 0x28E2, 0x20A1, 0x2901, 0x3141, 0x3121, 0x3162, 0x3141, 0x28E1, 0x20A1, 0x20C1,
    0x1081, 0x0000, 0x0000, 0x0000, 0x0000, 0x0000, 0x0000, 0x0000, 0x0000, 0x0000, 0x0000, 0x0000,
    0x0000, 0x0000, 0x0000, 0x0000, 0x0000, 0x0841, 0x18C2, 0x18C1, 0x2922, 0x2902, 0x20C2, 0x18A1,
    0x0841, 0x0000, 0x0000, 0x0000, 0x0000, 0x0000, 0x0000, 0x0000, 0x0000, 0x0000,
};
const uint8_t REGISTER_A[] PROGMEM = {
    0, 0, 0, 0, 0, 0, 0, 0, 0, 0, 0, 8, 150, 173, 33, 0, 0, 0, 0, 0,
    0, 0, 0, 0, 0, 0, 0, 0, 0, 0, 0, 0, 0, 0, 0, 0, 0, 72, 240, 243,
    150, 0, 0, 0, 0, 0, 0, 0, 0, 0, 0, 0, 0, 0, 0, 0, 0, 0, 0, 0,
    0, 0, 0, 140, 245, 247, 201, 5, 0, 0, 0, 0, 0, 0, 0, 0, 0, 0, 0, 0,
    0, 0, 0, 0, 0, 0, 0, 0, 3, 191, 248, 249, 219, 12, 0, 0, 0, 0, 0, 0,
    0, 0, 0, 0, 0, 0, 0, 0, 0, 0, 0, 0, 0, 0, 23, 231, 250, 250, 236, 28,
    0, 0, 0, 0, 0, 0, 0, 0, 0, 0, 0, 0, 0, 0, 0, 0, 0, 0, 0, 0,
    52, 246, 251, 251, 245, 52, 0, 0, 0, 0, 0, 0, 0, 0, 0, 0, 0, 0, 0, 0,
    0, 0, 0, 0, 0, 0, 103, 248, 251, 251, 249, 86, 0, 0, 0, 0, 0, 0, 0, 0,
    0, 0, 0, 0, 0, 0, 0, 0, 0, 0, 0, 0, 145, 247, 250, 251, 250, 110, 0, 0,
    0, 0, 0, 0, 0, 0, 0, 0, 0, 0, 0, 0, 0, 0, 0, 0, 0, 2, 202, 247,
    250, 250, 250, 131, 0, 0, 0, 0, 0, 0, 0, 0, 0, 0, 0, 0, 0, 0, 0, 0,
    0, 0, 0, 36, 239, 249, 250, 251, 250, 164, 0, 0, 0, 0, 0, 0, 0, 0, 0, 0,
    0, 0, 0, 0, 0, 0, 0, 0, 0, 84, 247, 251, 251, 251, 251, 197, 0, 0, 0, 0,
    0, 0, 0, 0, 0, 0, 0, 0, 0, 0, 0, 0, 0, 0, 0, 144, 251, 252, 252, 252,
    251, 221, 4, 0, 0, 0, 0, 0, 0, 0, 0, 0, 0, 0, 0, 0, 0, 0, 0, 0,
    6, 201, 252, 252, 252, 252, 251, 245, 22, 0, 0, 0, 0, 0, 0, 0, 0, 0, 0, 0,
    0, 0, 0, 0, 0, 0, 18, 226, 252, 252, 252, 252, 252, 249, 57, 0, 0, 0, 0, 0,
    0, 0, 0, 0, 0, 0, 0, 0, 0, 0, 0, 0, 76, 246, 252, 252, 252, 253, 253, 251,
    111, 0, 0, 0, 0, 0, 0, 0, 0, 0, 0, 0, 0, 0, 0, 0, 0, 0, 155, 249,
    252, 252, 253, 253, 253, 253, 170, 1, 0, 0, 0, 0, 0, 0, 0, 0, 0, 0, 0, 0,
    0, 0, 0, 11, 223, 251, 252, 252, 253, 253, 253, 253, 224, 17, 0, 0, 0, 0, 0, 0,
    0, 0, 0, 0, 0, 0, 0, 0, 0, 87, 250, 252, 252, 252, 253, 253, 253, 253, 250, 74,
    0, 0, 0, 0, 0, 0, 0, 0, 0, 0, 0, 0, 0, 0, 4, 191, 252, 252, 252, 253,
    253, 253, 253, 253, 253, 161, 0, 0, 0, 0, 0, 0, 0, 0, 0, 0, 0, 0, 0, 0,
    60, 241, 252, 253, 253, 253, 253, 253, 253, 253, 253, 234, 12, 0, 0, 0, 0, 0, 0, 0,
    0, 0, 0, 0, 0, 3, 175, 249, 252, 253, 253, 253, 253, 253, 253, 253, 253, 252, 93, 0,
    0, 0, 0, 0, 0, 0, 0, 0, 0, 0, 0, 79, 245, 250, 252, 252, 252, 253, 252, 253,
    253, 253, 253, 252, 184, 1, 0, 0, 0, 0, 0, 0, 0, 0, 0, 0, 14, 205, 250, 251,
    252, 252, 252, 252, 252, 253, 253, 253, 253, 252, 239, 41, 0, 0, 0, 0, 0, 0, 0, 0,
    0, 0, 98, 249, 251, 252, 252, 252, 252, 252, 252, 252, 252, 253, 253, 252, 251, 142, 0, 0,
    0, 0, 0, 0, 0, 0, 0, 18, 218, 251, 252, 252, 252, 252, 253, 253, 252, 253, 253, 253,
    253, 252, 252, 225, 6, 0, 0, 0, 0, 0, 0, 0, 0, 129, 251, 252, 253, 253, 253, 253,
    253, 253, 253, 253, 253, 253, 253, 252, 252, 250, 92, 0, 0, 0, 0, 0, 0, 0, 38, 232,
    252, 253, 253, 253, 253, 253, 253, 253, 253, 253, 253, 253, 253, 252, 252, 251, 198, 8, 0, 0,
    0, 0, 0, 0, 130, 251, 252, 252, 252, 253, 253, 253, 253, 253, 253, 253, 253, 253, 253, 252,
    252, 251, 241, 41, 0, 0, 0, 0, 0, 1, 213, 252, 252, 252, 252, 253, 253, 253, 253, 253,
    253, 253, 253, 253, 253, 252, 251, 251, 249, 141, 0, 0, 0, 0, 0, 45, 248, 252, 252, 253,
    253, 253, 253, 253, 253, 253, 253, 253, 253, 253, 253, 252, 252, 251, 250, 216, 4, 0, 0, 0,
    0, 126, 251, 253, 253, 253, 253, 253, 253, 253, 253, 253, 253, 253, 253, 253, 253, 252, 252, 251,
    250, 246, 52, 0, 0, 0, 4, 199, 253, 253, 253, 253, 253, 253, 253, 253, 253, 253, 253, 253,
    253, 253, 253, 252, 252, 251, 251, 249, 100, 0, 0, 0, 35, 240, 253, 253, 253, 253, 253, 253,
    253, 253, 253, 253, 253, 253, 253, 253, 253, 253, 252, 252, 251, 250, 154, 0, 0, 0, 69, 249,
    253, 253, 253, 253, 253, 253, 253, 253, 253, 253, 253, 253, 253, 253, 253, 253, 253, 252, 252, 251,
    190, 2, 0, 0, 96, 250, 252, 253, 253, 253, 253, 253, 253, 253, 253, 253, 253, 253, 253, 253,
    253, 253, 253, 253, 252, 252, 210, 6, 0, 0, 94, 251, 252, 253, 253, 253, 253, 253, 253, 253,
    253, 253, 253, 253, 253, 253, 253, 253, 253, 253, 252, 252, 211, 7, 0, 0, 91, 250, 253, 253,
    253, 253, 253, 253, 253, 253, 253, 253, 253, 253, 253, 253, 253, 253, 253, 253, 253, 252, 195, 1,
    0, 0, 83, 250, 253, 253, 253, 253, 253, 253, 253, 253, 253, 253, 253, 253, 253, 253, 253, 253,
    253, 253, 253, 253, 196, 2, 0, 0, 72, 248, 252, 253, 253, 253, 253, 253, 253, 253, 253, 253,
    253, 253, 253, 253, 253, 253, 253, 253, 253, 253, 173, 0, 0, 0, 43, 242, 251, 252, 253, 253,
    253, 253, 253, 253, 253, 253, 253, 253, 253, 253, 253, 253, 253, 253, 253, 252, 138, 0, 0, 0,
    11, 214, 250, 252, 253, 253, 253, 253, 253, 253, 253, 253, 253, 253, 253, 253, 253, 253, 253, 253,
    252, 251, 65, 0, 0, 0, 1, 155, 248, 251, 252, 253, 253, 253, 253, 253, 253, 253, 253, 253,
    253, 253, 253, 252, 252, 252, 252, 225, 6, 0, 0, 0, 0, 84, 246, 250, 252, 253, 253, 253,
    253, 253, 253, 253, 253, 252, 253, 252, 252, 252, 252, 251, 250, 149, 0, 0, 0, 0, 0, 8,
    205, 250, 252, 253, 253, 253, 253, 253, 253, 253, 253, 253, 253, 252, 252, 252, 251, 251, 241, 58,
    0, 0, 0, 0, 0, 0, 88, 246, 252, 252, 253, 253, 253, 253, 253, 253, 253, 253, 253, 252,
    252, 251, 251, 249, 174, 2, 0, 0, 0, 0, 0, 0, 8, 187, 250, 252, 252, 253, 253, 253,
    253, 253, 253, 253, 253, 252, 252, 251, 250, 237, 48, 0, 0, 0, 0, 0, 0, 0, 0, 30,
    223, 249, 252, 252, 253, 253, 253, 253, 253, 253, 253, 252, 252, 251, 247, 125, 1, 0, 0, 0,
    0, 0, 0, 0, 0, 0, 63, 234, 251, 252, 252, 252, 252, 252, 253, 253, 253, 253, 252, 250,
    178, 10, 0, 0, 0, 0, 0, 0, 0, 0, 0, 0, 1, 107, 250, 252, 252, 252, 252, 252,
    253, 253, 253, 253, 252, 206, 21, 0, 0, 0, 0, 0, 0, 0, 0, 0, 0, 0, 0, 41,
    245, 251, 252, 252, 252, 252, 253, 253, 253, 253, 224, 42, 0, 0, 0, 0, 0, 0, 0, 0,
    0, 0, 0, 0, 0, 39, 245, 251, 252, 252, 253, 253, 253, 253, 253, 252, 115, 0, 0, 0,
    0, 0, 0, 0, 0, 0, 0, 0, 0, 0, 0, 71, 250, 251, 252, 252, 253, 253, 253, 253,
    253, 251, 176, 16, 0, 0, 0, 0, 0, 0, 0, 0, 0, 0, 0, 0, 3, 153, 251, 252,
    252, 253, 253, 253, 253, 253, 253, 252, 250, 216, 108, 13, 0, 0, 0, 0, 0, 0, 0, 0,
    0, 0, 53, 239, 252, 252, 253, 253, 253, 253, 253, 253, 253, 253, 253, 253, 251, 204, 50, 0,
    0, 0, 0, 0, 0, 0, 0, 3, 182, 252, 252, 253, 252, 253, 253, 253, 253, 253, 253, 253,
    253, 253, 253, 253, 233, 78, 0, 0, 0, 0, 0, 0, 2, 140, 250, 252, 253, 253, 253, 253,
    253, 253, 253, 253, 253, 253, 253, 253, 253, 253, 253, 238, 70, 0, 0, 0, 0, 0, 57, 238,
    252, 253, 253, 253, 253, 253, 253, 253, 253, 253, 253, 253, 253, 253, 253, 253, 253, 252, 226, 54,
    0, 0, 0, 13, 208, 251, 252, 253, 253, 253, 253, 253, 253, 253, 253, 253, 253, 253, 253, 253,
    253, 253, 253, 253, 252, 195, 3, 0, 0, 91, 249, 252, 252, 253, 253, 253, 253, 253, 253, 253,
    253, 253, 253, 253, 253, 253, 253, 253, 253, 253, 253, 250, 82, 0, 8, 199, 250, 252, 252, 253,
    253, 253, 253, 253, 253, 253, 253, 253, 253, 253, 253, 253, 253, 253, 253, 253, 253, 252, 199, 7,
    50, 242, 251, 252, 253, 253, 253, 253, 253, 253, 253, 253, 253, 253, 253, 253, 253, 253, 253, 253,
    253, 253, 253, 253, 245, 49, 84, 248, 251, 252, 253, 253, 253, 253, 253, 253, 253, 253, 253, 253,
    253, 253, 253, 253, 253, 253, 253, 253, 253, 253, 252, 96, 127, 251, 252, 252, 253, 253, 253, 253,
    253, 253, 253, 253, 253, 253, 253, 253, 253, 253, 253, 253, 253, 253, 253, 253, 252, 145, 156, 252,
    252, 252, 253, 253, 253, 253, 253, 253, 253, 253, 253, 253, 253, 253, 253, 253, 253, 253, 253, 253,
    253, 253, 253, 168, 160, 252, 252, 253, 253, 253, 253, 253, 253, 253, 253, 253, 253, 253, 253, 253,
    253, 253, 253, 253, 253, 253, 253, 253, 254, 186, 125, 252, 252, 253, 253, 253, 253, 253, 253, 253,
    253, 253, 253, 253, 253, 253, 253, 253, 253, 253, 253, 253, 253, 253, 253, 159, 66, 249, 252, 253,
    253, 253, 253, 253, 253, 253, 253, 253, 253, 253, 253, 253, 253, 253, 253, 253, 253, 253, 253, 253,
    252, 120, 20, 227, 252, 252, 253, 253, 253, 253, 253, 253, 253, 253, 253, 253, 253, 253, 253, 253,
    253, 253, 253, 253, 253, 252, 244, 49, 3, 174, 251, 252, 253, 253, 253, 253, 253, 253, 253, 253,
    253, 253, 253, 253, 253, 253, 253, 253, 253, 253, 252, 252, 214, 9, 0, 60, 247, 252, 252, 253,
    253, 253, 253, 253, 253, 253, 253, 253, 253, 253, 253, 253, 253, 253, 253, 253, 252, 251, 133, 0,
    0, 1, 177, 251, 252, 253, 253, 253, 253, 253, 253, 253, 253, 253, 253, 253, 253, 253, 253, 253,
    253, 253, 252, 242, 26, 0, 0, 0, 43, 222, 251, 252, 252, 253, 253, 253, 253, 253, 253, 253,
    253, 253, 253, 253, 253, 253, 253, 253, 250, 134, 0, 0, 0, 0, 0, 68, 234, 252, 252, 252,
    252, 252, 253, 253, 253, 253, 253, 253, 253, 253, 253, 253, 252, 251, 151, 7, 0, 0, 0, 0,
    0, 0, 53, 219, 251, 251, 252, 252, 252, 253, 253, 253, 253, 253, 252, 252, 252, 251, 247, 140,
    9, 0, 0, 0, 0, 0, 0, 0, 0, 30, 173, 247, 251, 251, 252, 252, 252, 253, 253, 253,
    252, 252, 252, 238, 99, 6, 0, 0, 0, 0, 0, 0, 0, 0, 0, 0, 4, 80, 193, 239,
    250, 252, 252, 252, 253, 252, 250, 228, 158, 42, 0, 0, 0, 0, 0, 0, 0, 0, 0, 0,
    0, 0, 0, 0, 5, 40, 99, 142, 180, 198, 183, 141, 82, 20, 2, 0, 0, 0, 0, 0,
    0, 0,
};

constexpr Sprite HOUR     = {29, 158, 226, 2304, HOUR_RGB, HOUR_A};
constexpr Sprite MINUTE   = {24, 179, 195, 2672, MINUTE_RGB, MINUTE_A};
constexpr Sprite SECONDS  = {23, 252, 191, 2608, SECONDS_RGB, SECONDS_A};
constexpr Sprite REGISTER = {26, 77, 203, 1008, REGISTER_RGB, REGISTER_A};

// Where they turn, measured off the dial photograph, in sixteenths of a
// panel pixel.
constexpr int16_t HUB_X16 = 1900;
constexpr int16_t HUB_Y16 = 2006;
constexpr int16_t REG_X16 = 1924;
constexpr int16_t REG_Y16 = 2600;

// The red index at twelve stands proud of the dial and the seconds hand
// passes under it, so this rectangle of the dial is put back on top of
// whatever was drawn.
constexpr int16_t MARK_X0 = 115;
constexpr int16_t MARK_Y0 = 21;
constexpr int16_t MARK_X1 = 126;
constexpr int16_t MARK_Y1 = 51;

}  // namespace BorduhrHands
